Item,ID,Name,Type,SKU,Options,"Inventory Tracking","Current Stock","Low Stock",Price,"Cost Price","Retail Price","Sale Price","Brand ID",Channels,Categories,Description,"Custom Fields","Page Title","Product URL","Meta Description","Search Keywords","Meta Keywords","Bin Picking Number",UPC/EAN,"Global Trade Number","Manufacturer Part Number","Free Shipping","Fixed Shipping Cost",Weight,Width,Height,Depth,"Is Visible","Is Featured",Warranty,"Tax Class","Product Condition","Show Product Condition","Sort Order","Variant Image URL","Internal Image URL (Export)","Image URL (Import)","Image Description","Image is Thumbnail","Image Sort Order","YouTube ID","Video Title","Video Description","Video Sort Order"
Product,112,"Oxytocin Acetate - 2mg",physical,,,none,0,0,59.99,0.00,0.00,0.00,,1,45;47;65,,,,/oxytocin-acetate-1-mg/,,,,,,,,FALSE,0.00,0.02,0.00,0.00,0.00,TRUE,TRUE,,0,New,FALSE,0,,,,,,,,,,
Image,475,,,,,,,,,,,,,,,,,,,,,,,,,,,,,,,,,,,,,,,,https://cdn11.bigcommerce.com/s-q1sponaupn/products/112/images/475/OXYTOCION-ACETATE_GRADIENT__37599.1744770041.386.513.jpg?c=1,,,TRUE,0,,,,
Product,113,PEG-MGF,physical,,,none,0,0,70.00,0.00,0.00,0.00,38,1,43;66,"<p>Molecular Formula - C<span class=""font6""><sub>50</sub></span><span class=""font5"">H</span><span class=""font6""><sub>68</sub></span><span class=""font5"">N</span><span class=""font6""><sub>14</sub></span><span class=""font5"">O</span><span class=""font6""><sub>10</sub></span></p>
<p>Molecular Weight - 1025.2 u</p>
<p>Research Category - Sexual Health Research</p>
<p>Purity - 99.99%</p>
<p>Lab Tested - Yes</p>
<p>10 MG</p>
<p>PEG-MGF is a pegylated derivative of MGF, a splice variant of IGF-1, that promotes muscle repair and hypertrophy after mechanical stress. Its extended half-life makes it ideal for studying post-exercise recovery and anabolic signaling. Investigating PEG-MGF could advance muscle regeneration and athletic performance research.</p>",,PEG-MGF,/peg-mgf/,,,,,,,,FALSE,0.00,0.00,0.00,0.00,0.00,FALSE,TRUE,,0,New,FALSE,0,,,,,,,,,,
Image,474,,,,,,,,,,,,,,,,,,,,,,,,,,,,,,,,,,,,,,,,https://cdn11.bigcommerce.com/s-q1sponaupn/products/113/images/474/PEG-MGFGRADIENT__43816.1744770026.386.513.jpg?c=1,,,TRUE,0,,,,
Product,114,"PT-141 5mg",physical,332889,,none,0,0,52.00,0.00,0.00,0.00,38,1,67,"<p>Molecular Formula - C<span class=""font6""><sub>50</sub></span><span class=""font5"">H</span><span class=""font6""><sub>68</sub></span><span class=""font5"">N</span><span class=""font6""><sub>14</sub></span><span class=""font5"">O</span><span class=""font6""><sub>10</sub></span></p>
<p>Molecular Weight - 1025.2 u</p>
<p>Research Category - Sexual Health Research</p>
<p>Purity - 99.99%</p>
<p>Lab Tested - Yes</p>
<p><iframe style=""width: 500px; height: 300px;"" src=""https://embed.molview.org/v1/?mode=balls&amp;cid=9941379"" frameborder=""0""></iframe></p>
<p>PT-141 is a melanocortin receptor agonist that enhances sexual arousal and libido by acting on the central nervous system. It offers a unique avenue to study sexual dysfunction and neurological reward pathways. Researching PT-141 could lead to novel treatments for libido disorders and behavioral health.</p>",,"PT-141 5mg",/pt-141-5mg/,,,,,,,,FALSE,0.00,0.02,0.00,0.00,0.00,TRUE,TRUE,,0,New,FALSE,0,,,,,,,,,,
Image,473,,,,,,,,,,,,,,,,,,,,,,,,,,,,,,,,,,,,,,,,https://cdn11.bigcommerce.com/s-q1sponaupn/products/114/images/473/PT-141_GRADIENT__97313.1744770014.386.513.jpg?c=1,,,TRUE,0,,,,
Product,115,"Selank 5mg",physical,,,none,0,0,55.00,0.00,0.00,0.00,38,1,45;68,"<p>Molecular Formula - C<span class=""font6""><sub>33</sub></span><span class=""font5"">H</span><span class=""font6""><sub>57</sub></span><span class=""font5"">N</span><span class=""font6""><sub>11</sub></span><span class=""font5"">O</span><span class=""font6""><sub>9</sub></span></p>
<p>Molecular Weight - 751.9 u</p>
<p>Research Category - Cognitive Research</p>
<p>Purity - 99.99%</p>
<p>Lab Tested - Yes</p>
<p><iframe style=""width: 500px; height: 300px;"" src=""https://embed.molview.org/v1/?mode=balls&amp;cid=11765600"" frameborder=""0""></iframe></p>
<p>Selank is a synthetic heptapeptide with anxiolytic properties, derived from the endogenous peptide tuftsin, that modulates brain serotonin and BDNF levels. It provides researchers a tool to explore anxiety reduction, cognitive enhancement, and stress resilience. Studying Selank could uncover new approaches to mental health and neuroprotection.</p>",,,/selank/,,,,,,,,FALSE,0.00,0.00,0.00,0.00,0.00,FALSE,TRUE,,0,New,FALSE,0,,,,,,,,,,
Image,472,,,,,,,,,,,,,,,,,,,,,,,,,,,,,,,,,,,,,,,,https://cdn11.bigcommerce.com/s-q1sponaupn/products/115/images/472/Selank_GRADIENT__98506.1744769998.386.513.jpg?c=1,,,TRUE,0,,,,
Product,118,"Semaglutide 2mg",physical,758301,,product,347,75,50.00,0.00,0.00,0.00,38,1,42;69,"<p>Molecular Formula - C<span class=""font6""><sub>187</sub></span><span class=""font5"">H</span><span class=""font6""><sub>291</sub></span><span class=""font5"">N</span><span class=""font6""><sub>45</sub></span><span class=""font5"">O</span><span class=""font6""><sub>59</sub></span></p>
<p>Molecular Weight - 4114 u</p>
<p>Research Category - Weight Loss Research</p>
<p>Purity - 99.99%</p>
<p>Lab Tested - Yes</p>
<p><iframe style=""width: 500px; height: 300px;"" src=""https://embed.molview.org/v1/?mode=balls&amp;cid=56843331"" frameborder=""0""></iframe></p>
<p>Semaglutide is a GLP-1 receptor agonist that regulates glucose metabolism and suppresses appetite through prolonged receptor activation. Its efficacy in weight loss and diabetes management makes it a prime candidate for metabolic research. Investigating Semaglutide could drive innovations in obesity treatment and glycemic control strategies.</p>",,"Semaglutide 2mg",/semaglutide-2mg/,,,,,,,,FALSE,0.00,0.02,0.00,0.00,0.00,TRUE,TRUE,,0,New,FALSE,0,,,,,,,,,,
Image,471,,,,,,,,,,,,,,,,,,,,,,,,,,,,,,,,,,,,,,,,https://cdn11.bigcommerce.com/s-q1sponaupn/products/118/images/471/Semagliutide_GRADIENT__51606.1744769982.386.513.jpg?c=1,,,TRUE,0,,,,
Product,119,"Semax 10mg",physical,,,none,0,0,74.99,0.00,0.00,0.00,38,1,45;70,"<p>Molecular Formula - C<span class=""font6""><sub>149</sub></span><span class=""font5"">H</span><span class=""font6""><sub>246</sub></span><span class=""font5"">N</span><span class=""font6""><sub>44</sub></span><span class=""font5"">O</span><span class=""font6""><sub>42</sub></span><span class=""font5"">S</span></p>
<p>Molecular Weight - 3357.9 u</p>
<p>Research Category - Hormone Regulation</p>
<p>Purity - 99.99%</p>
<p>Lab Tested - Yes</p>
<p><iframe style=""width: 500px; height: 300px;"" src=""https://embed.molview.org/v1/?mode=balls&amp;cid=13068166"" frameborder=""0""></iframe></p>
<p>Semax is a synthetic heptapeptide analog of ACTH (4-10) that enhances cognitive function and neuroprotection by upregulating BDNF and NGF. It offers a robust platform to study memory, stroke recovery, and neurodegenerative conditions. Researching Semax could lead to advancements in brain health and nootropic therapies.</p>",,Semax,/semax/,,,,,,,,FALSE,0.00,0.02,0.00,0.00,0.00,TRUE,TRUE,,0,New,FALSE,0,,,,,,,,,,
Image,470,,,,,,,,,,,,,,,,,,,,,,,,,,,,,,,,,,,,,,,,https://cdn11.bigcommerce.com/s-q1sponaupn/products/119/images/470/Semax_GRADIENT__86200.1744769968.386.513.jpg?c=1,,,TRUE,0,,,,
Product,121,"Sermorelin 2mg",physical,,,none,0,0,100.00,0.00,0.00,0.00,38,1,71,"<p>Molecular Formula - C<span class=""font6""><sub>149</sub></span><span class=""font5"">H</span><span class=""font6""><sub>246</sub></span><span class=""font5"">N</span><span class=""font6""><sub>44</sub></span><span class=""font5"">O</span><span class=""font6""><sub>42</sub></span><span class=""font5"">S</span></p>
<p>Molecular Weight - 3357.9 u</p>
<p>Research Category - Hormone Regulation</p>
<p>Purity - 99.99%</p>
<p>Lab Tested - Yes</p>
<p><iframe style=""width: 500px; height: 300px;"" src=""https://embed.molview.org/v1/?mode=balls&amp;cid=16129620"" frameborder=""0""></iframe></p>
<p>Sermorelin is a GHRH analog that stimulates pituitary GH release, mimicking natural pulsatile secretion patterns. It allows researchers to investigate growth hormone dynamics, aging, and metabolic regulation with high specificity. Studying Sermorelin could inform treatments for growth deficiencies and age-related decline.</p>",,"Sermorelin 2mg",/sermorelin-2mg/,,,,,,,,FALSE,0.00,0.00,0.00,0.00,0.00,FALSE,FALSE,,0,New,FALSE,0,,,,,,,,,,
Image,469,,,,,,,,,,,,,,,,,,,,,,,,,,,,,,,,,,,,,,,,https://cdn11.bigcommerce.com/s-q1sponaupn/products/121/images/469/Sermorelin_GRADIENT__24223.1744769956.386.513.jpg?c=1,,,TRUE,0,,,,
Product,122,"Snap-8 10mg",physical,,,none,0,0,33.00,0.00,0.00,0.00,,1,46;72,"<p>Molecular Formula - C<span class=""font6""><sub>41</sub></span><span class=""font5"">H</span><span class=""font6""><sub>70</sub></span><span class=""font5"">N</span><span class=""font6""><sub>16</sub></span><span class=""font5"">O</span><span class=""font6""><sub>16</sub></span><span class=""font5"">S</span></p>
<p>Molecular Weight - 1075.2 u</p>
<p>Research Category - Anti-Aging Regulation</p>
<p>Purity - 99.99%</p>
<p>Lab Tested - Yes</p>
<p><iframe style=""width: 500px; height: 300px;"" src=""https://embed.molview.org/v1/?mode=balls&amp;cid=76283482"" frameborder=""0""></iframe></p>
<p>Snap-8 is an octapeptide that inhibits neurotransmitter release to reduce muscle contractions and wrinkle formation. It serves as a topical research tool to explore anti-aging mechanisms and skin physiology. Investigating Snap-8 could enhance cosmetic science and dermatological therapies.</p>",,"Snap-8 10mg",/snap-8-10mg/,,,,,,,,FALSE,0.00,0.00,0.00,0.00,0.00,TRUE,TRUE,,0,New,FALSE,0,,,,,,,,,,
Image,468,,,,,,,,,,,,,,,,,,,,,,,,,,,,,,,,,,,,,,,,https://cdn11.bigcommerce.com/s-q1sponaupn/products/122/images/468/SNAP-8_GRADIENT__51410.1744769945.386.513.jpg?c=1,,,TRUE,0,,,,
Product,125,Thymulin,physical,,,none,0,0,119.99,0.00,0.00,0.00,38,1,47;74,"<p>Molecular Formula - C<span class=""font6""><sub>33</sub></span><span class=""font5"">H</span><span class=""font6""><sub>54</sub></span><span class=""font5"">N</span><span class=""font6""><sub>12</sub></span><span class=""font5"">O</span><span class=""font6""><sub>15</sub></span></p>
<p>Molecular Weight - 858.9 u</p>
<p>Research Category - Immunology Regulation</p>
<p>Purity - 99.99%</p>
<p>Lab Tested - Yes</p>
<p><iframe style=""width: 500px; height: 300px;"" src=""https://embed.molview.org/v1/?mode=balls&amp;cid=3085284"" frameborder=""0""></iframe></p>
<p>Thymulin is a thymic peptide that regulates immune function by promoting T-cell differentiation and cytokine balance. It offers researchers a way to explore immune modulation and age-related immune decline. Studying Thymulin could advance immunotherapy and autoimmune disease research.</p>",,Thymulin,/thymulin/,,,,,,,,FALSE,0.00,0.00,0.00,0.00,0.00,FALSE,TRUE,,0,New,FALSE,0,,,,,,,,,,
Image,513,,,,,,,,,,,,,,,,,,,,,,,,,,,,,,,,,,,,,,,,https://cdn11.bigcommerce.com/s-q1sponaupn/products/125/images/513/THYMULIN__08054.1745375329.386.513.png?c=1,,,TRUE,0,,,,
Product,127,"Tesamorelin 2mg",physical,,,none,0,0,140.00,0.00,0.00,0.00,38,1,42;43;75,"<h4>Molecular Formula - C<span class=""font6""><sub>221</sub></span><span class=""font5"">H</span><span class=""font6""><sub>366</sub></span><span class=""font5"">N</span><span class=""font6""><sub>72</sub></span><span class=""font5"">O</span><span class=""font6""><sub>67</sub></span><span class=""font5"">S</span></h4>
<h4>Molecular Weight - 5136 u</h4>
<h4>Research Category - Hormone Regulation</h4>
<h4>Purity - 99.99%</h4>
<h4>Lab Tested - Yes</h4>
<p><iframe style=""width: 500px; height: 300px;"" src=""https://embed.molview.org/v1/?mode=balls&amp;cid=16137828"" frameborder=""0""></iframe></p>
<p>Tesamorelin is a GHRH analog designed to reduce visceral fat by stimulating GH secretion with high specificity. It provides a targeted approach to study lipodystrophy, metabolic syndrome, and GH-related fat metabolism. Researching Tesamorelin could improve treatments for obesity and HIV-associated fat disorders.</p>",,"Tesamorelin 2mg",/tesamorelin-2mg/,,,,,,,,FALSE,0.00,0.00,0.00,0.00,0.00,FALSE,TRUE,,0,New,FALSE,0,,,,,,,,,,
Variant,109,,,127-5,Type=Radio|Name=MG|Value=5,,0,0,80.00,0.00,,,,,,,,,,,,,,,,,FALSE,,,,,,,,,,,,,https://cdn11.bigcommerce.com/s-q1sponaupn/product_images/attribute_rule_images/7_source_1740236687.png,,,,,,,,,
Variant,110,,,127-10,Type=Radio|Name=MG|Value=10,,0,0,140.00,0.00,,,,,,,,,,,,,,,,,FALSE,,,,,,,,,,,,,https://cdn11.bigcommerce.com/s-q1sponaupn/product_images/attribute_rule_images/8_source_1740236687.png,,,,,,,,,
Image,466,,,,,,,,,,,,,,,,,,,,,,,,,,,,,,,,,,,,,,,,https://cdn11.bigcommerce.com/s-q1sponaupn/products/127/images/466/TESAMORELIN_GRADIENT__76288.1744769904.386.513.jpg?c=1,,,TRUE,0,,,,
Product,128,"Thymosin alpha 1 - 5 MG",physical,,,none,0,0,70.00,0.00,0.00,0.00,38,1,46;47;76,"<h4>Molecular Formula - C<span class=""font6""><sub>129</sub></span><span class=""font5"">H</span><span class=""font6""><sub>215</sub></span><span class=""font5"">N</span><span class=""font6""><sub>33</sub></span><span class=""font5"">O</span><span class=""font6""><sub>55</sub></span></h4>
<h4>Molecular Weight - 3108.3 u</h4>
<h4>Research Category - Immunology Research</h4>
<h4>Purity - 99.99%</h4>
<h4>Lab Tested - Yes</h4>
<p><iframe style=""width: 500px; height: 300px;"" src=""https://embed.molview.org/v1/?mode=balls&amp;cid=16130571"" width=""800"" frameborder=""0""></iframe></p>
<p>Thymosin Alpha 1 is a thymic peptide that enhances immune response by boosting T-cell activity and antiviral defenses. It&rsquo;s a powerful tool for studying immune regulation, infection resistance, and cancer immunotherapy. Investigating Thymosin Alpha 1 could lead to novel immune-enhancing therapies.</p>",,"Thymopsin Alpha 1",/thymosin-alpha-1,,,,,,,,FALSE,0.00,0.00,0.00,0.00,0.00,FALSE,FALSE,,0,New,FALSE,0,,,,,,,,,,
Image,512,,,,,,,,,,,,,,,,,,,,,,,,,,,,,,,,,,,,,,,,https://cdn11.bigcommerce.com/s-q1sponaupn/products/128/images/512/thymosin_alpha_1__88977.1745375257.386.513.png?c=1,,,TRUE,0,,,,
Product,131,"TB-500 (Thymosin β4) 2mg",physical,898605,,none,0,0,36.00,0.00,0.00,0.00,38,1,44;45;77,"<p>Molecular Formula - C<span class=""font6""><sub>212</sub></span><span class=""font5"">H</span><span class=""font6""><sub>350</sub></span><span class=""font5"">N</span><span class=""font6""><sub>56</sub></span><span class=""font5"">O</span><span class=""font6""><sub>78</sub></span><span class=""font5"">S</span></p>
<p><span class=""font5"">Molecular Weight - 4963 u</span></p>
<p><span class=""font5"">Research Category - Tissue Repair Research</span></p>
<p><span class=""font5"">Purity - 99.99%</span></p>
<p><span class=""font5"">Lab Tested - Yes</span></p>
<p><span class=""font5""><iframe style=""width: 500px; height: 300px;"" src=""https://embed.molview.org/v1/?mode=balls&amp;cid=45382195"" frameborder=""0""></iframe></span></p>
<p>Thymosin &beta;4 is a naturally occurring peptide that promotes tissue repair, angiogenesis, and anti-inflammatory responses across multiple systems. It offers researchers a broad platform to explore wound healing, cardiac repair, and musculoskeletal recovery. Studying TB-500 could revolutionize regenerative medicine applications.</p>
<p>&nbsp;</p>
<p>&nbsp;</p>",,"TB-500 - Tissue Repair Peptide",/tb-500-thymosin-4-2mg/,"TB-500 for tissue repair research. High-purity peptides for labs.","TB-500, buy TB-500, Thymosin β4, research TB-500",,,,,,FALSE,0.00,0.02,0.00,0.00,0.00,FALSE,FALSE,,0,New,FALSE,0,,,,,,,,,,
Image,511,,,,,,,,,,,,,,,,,,,,,,,,,,,,,,,,,,,,,,,,https://cdn11.bigcommerce.com/s-q1sponaupn/products/131/images/511/thymosin_beta_4__79718.1745375159.386.513.png?c=1,,,TRUE,0,,,,
Product,135,"Retatrutide 10 MG",physical,482809,,product,110,75,144.00,0.00,0.00,0.00,38,1,42;79,"<h1>Retatrutide 10 MG</h1>
<p>C<span class=""font6""><sub>223</sub></span><span class=""font5"">H</span><span class=""font6""><sub>343</sub></span><span class=""font5"">F</span><span class=""font6""><sub>3</sub></span><span class=""font5"">N</span><span class=""font6""><sub>46</sub></span><span class=""font5"">O</span><span class=""font6""><sub>70</sub></span></p>
<p><span class=""font6""><sub>4,731.33 g/mol</sub></span></p>
<p>Research Category - Weight Loss Research</p>
<p>Purity - 99.99%</p>
<p>Lab Tested - Yes</p>
<p>Retatrutide is a triple agonist (GLP-1, GIP, and glucagon receptor) that optimizes energy expenditure, appetite suppression, and glucose regulation. Its innovative approach offers researchers a chance to study advanced metabolic interplay and weight loss mechanisms. Researching Retatrutide could lead to next-generation treatments for obesity and diabetes.</p>
<h5><a href=""%%GLOBAL_ShopPathSSL%%/store/adipotide10mg/""><span style=""color: #0000ff;"">Click here for extensive information</span></a></h5>",,"Retatrutide - Superior Quality Research Peptide",/retatrutide,"Retatrutide for weight loss research. High-quality peptides for sale.","Retatrutide, buy Retatrutide,  peptide research, Retatrutide research, weight loss research, m=",,,,,,FALSE,0.00,0.02,0.00,0.00,0.00,TRUE,TRUE,,0,New,FALSE,0,,,,,,,,,,
Image,462,,,,,,,,,,,,,,,,,,,,,,,,,,,,,,,,,,,,,,,,https://cdn11.bigcommerce.com/s-q1sponaupn/products/135/images/462/Retatrutide_GRADIENT__03884.1744769837.386.513.jpg?c=1,,,TRUE,0,,,,
Product,136,"Adipotide - 10 MG",physical,,,none,0,0,88.99,0.00,0.00,0.00,38,1,42;48,"<h1>Adipotide 10MG</h1>
<p>Molecular Formula: C₁₁₁H₂₀₆N₃₆O₂₈S₂</p>
<p>Molecular Weight: 2754.3 g/mol</p>
<p>Research Category - Weight Loss Research</p>
<p>Purity - 99.99%</p>
<p>Lab Tested - Yes</p>
<p><iframe style=""width: 500px; height: 300px;"" src=""https://embed.molview.org/v1/?mode=balls&amp;cid=163360068"" frameborder=""0""></iframe></p>
<p>Adipotide is a peptidomimetic compound engineered to induce apoptosis in the vascular cells of white adipose tissue, disrupting fat cell blood supply. Its unique mechanism offers researchers a novel approach to study obesity, fat metabolism, and insulin sensitivity in preclinical models. Investigating Adipotide could pave the way for breakthroughs in weight loss therapies and metabolic disease management.</p>
<h5><a href=""%%GLOBAL_ShopPathSSL%%/store/adipotide10mg/""><span style=""color: #0000ff;"">Click here for extensive information</span></a></h5>",,Adipotide,/adipotide,"""Discover Adipotide peptide: Explore its weight loss potential, research on fat loss, FTPP mechanism, side effects, and benefits for obesity treatment—ideal for researchers.""","Adipotide peptide, Adipotide weight loss, Adipotide FTPP, Adipotide fat loss, Adipotide dosage, Adipotide benefits, Adipotide side effects, Adipotide research, Adipotide obesity treatment, Adipotide mechanism of action, Adipotide proapoptotic peptide, Adipotide clinical trials, Adipotide white fat, Adipotide insulin resistance, Adipotide ANXA2 prohibitin, Adipotide weight reduction, Adipotide peptide for sale, Adipotide metabolic benefits, Adipotide experimental drug, Adipotide fat cell apoptosis",,,,,,FALSE,0.00,0.02,0.00,0.00,0.00,FALSE,FALSE,,0,New,FALSE,0,,,,,,,,,,
Image,510,,,,,,,,,,,,,,,,,,,,,,,,,,,,,,,,,,,,,,,,https://file.notion.so/f/f/7bae2c3b-c451-4b51-93bd-1874d779937a/9aa7079d-9999-40d8-9a59-c66626beb1fb/adipotide.png?table=block&id=1f9b01f2-ff8f-808f-8aae-f6e5879a13bc&spaceId=7bae2c3b-c451-4b51-93bd-1874d779937a&expirationTimestamp=1747785600000&signature=fqtVHzmXmrmmZDR0Eyb12R-AmH2eiSJzKeWEF_RCRFY&downloadName=adipotide.png
Product,137,"NAD+ 500mg",physical,598809,,product,450,75,84.00,0.00,0.00,0.00,38,1,45;46;64,"<div>Nicotinamide Adenine Dinucleotide (NAD+), in its biologically active oxidized state, is a cornerstone coenzyme integral to cellular metabolism, formally designated as &beta;-Nicotinamide Adenine Dinucleotide. Its complete chemical nomenclature is 1-(&beta;-D-ribofuranosyl)nicotinamide-5'-diphospho-5'-(adenosine), delineating a sophisticated structure: a nicotinamide moiety tethered to a &beta;-D-ribose sugar via a glycosidic bond, linked through a pyrophosphate bridge to an adenosine unit comprising adenine and a second ribose sugar. With a molecular weight of approximately 663.4 Da, NAD+ features two nucleotide components connected by diphosphate ester bonds, enabling its dynamic interconversion with NADH in redox reactions. This architectural intricacy underpins its multifaceted roles in energy transduction, genomic stability, and intercellular signaling, distinguishing it as a pivotal modulator across eukaryotic and prokaryotic systems.</div>
<p><span style=""font-family: helvetica, arial, sans-serif; font-size: 12pt;"">Molecular Formula - C<sub>21</sub>H<sub>27</sub>N<sub>7</sub>O<sub>14</sub>P<sub>2</sub></span></p>
<p><span style=""font-family: helvetica, arial, sans-serif; font-size: 12pt;"">Molecular Weight - 663.4 u</span></p>
<p><iframe style=""width: 500px; height: 300px;"" src=""https://embed.molview.org/v1/?mode=balls&amp;cid=5892"" frameborder=""0""></iframe></p>
<p>&nbsp;</p>
<h2><span style=""font-family: helvetica, arial, sans-serif;"">Are there any aliases or synonyms for this peptide ? </span></h2>
<blockquote>
<p style=""text-align: left;""><span style=""font-family: helvetica, arial, sans-serif;"">Yes, NAD+ boasts a rich array of aliases reflecting its biochemical prominence and historical discovery. Commonly termed nicotinamide adenine dinucleotide, the '+' denotes its oxidized form, contrasting with NADH, its reduced counterpart. Historical synonyms include diphosphopyridine nucleotide (DPN+), a vestige of early enzymology nomenclature from its identification in yeast fermentation, and coenzyme I, highlighting its foundational role alongside coenzyme II (NADP+). In precise biochemical contexts, it&rsquo;s specified as &beta;-NAD+ to denote its stereochemical configuration at the glycosidic linkage, distinguishing it from the less common &alpha;-anomer. Research literature occasionally references it as NADox when emphasizing its redox state, cementing its universal recognition across metabolic, aging, and repair-focused disciplines.</span></p>
</blockquote>
<h2 style=""text-align: right;""><span style=""font-family: helvetica, arial, sans-serif;""><!-- pagebreak -->Are there any emerging trends or hypotheses in the literature about this peptide? </span></h2>
<p style=""text-align: right;""><span style=""font-family: helvetica, arial, sans-serif;"">Emerging trends in NAD+ research illuminate its potential as a transformative mediator in human health and disease, propelled by a deluge of cutting-edge studies. Hypotheses posit that elevating NAD+ levels could counteract age-related pathologies by bolstering mitochondrial oxidative capacity, enhancing DNA repair through sirtuin (SIRT1-7) and PARP activation, and fortifying cellular resilience against oxidative and genotoxic stress. Contemporary investigations explore its therapeutic promise in metabolic syndromes&mdash;such as type 2 diabetes, non-alcoholic fatty liver disease (NAFLD), and obesity&mdash;where NAD+ precursors like nicotinamide mononucleotide (NMN) and nicotinamide riboside (NR) may mimic caloric restriction&rsquo;s rejuvenating effects. Neurodegenerative disorders (e.g., Alzheimer&rsquo;s, Parkinson&rsquo;s) are under scrutiny, with NAD+&rsquo;s role in neuronal survival and synaptic plasticity via SIRT1 and SIRT3 gaining traction. Cardiovascular research hypothesizes its capacity to mitigate ischemia-reperfusion injury and bolster vascular integrity, while immunological studies probe its modulation of inflammasome activity and T-cell function through CD38 and NAD+-dependent pathways. Circadian rhythm regulation via SIRT1&rsquo;s interaction with CLOCK/BMAL1 adds another layer, suggesting NAD+ as a systemic orchestrator&mdash;though these tantalizing prospects await rigorous clinical validation (Verdin, 2015; Rajman et al., 2018).</span></p>
<h2><span style=""font-family: helvetica, arial, sans-serif;"">Are there any emerging trends or hypotheses in the literature about this peptide? (Easy to Understand) </span></h2>
<h2>&nbsp;</h2>
<h2><span style=""font-family: helvetica, arial, sans-serif;"">Are there any notable interactions with other biological systems or compounds? </span></h2>
<h2>&nbsp;</h2>
<h2><span style=""font-family: helvetica, arial, sans-serif;"">Are there any notable interactions with other biological systems or compounds? (Easy to Understand) </span></h2>
<h2>&nbsp;</h2>
<h2><span style=""font-family: helvetica, arial, sans-serif;"">Are there quantitative measures of efficacy (e.g., increases IGF-1 levels by 2-10 fold)? </span></h2>
<h2>&nbsp;</h2>
<h2><span style=""font-family: helvetica, arial, sans-serif;"">Are there quantitative measures of efficacy (e.g., increases IGF-1 levels by 2-10 fold)? (Easy to Understand) </span></h2>
<h2>&nbsp;</h2>
<h2><span style=""font-family: helvetica, arial, sans-serif;"">Are there specific contraindications or warnings for research use (e.g., ""Not for human consumption"")? </span></h2>
<h2>&nbsp;</h2>
<h2><span style=""font-family: helvetica, arial, sans-serif;"">Are there specific contraindications or warnings for research use (e.g., ""Not for human consumption"")? (Easy to Understand) </span></h2>
<h2>&nbsp;</h2>
<h2><span style=""font-family: helvetica, arial, sans-serif;"">Are there specific preparation instructions (e.g., ""Dissolve in bacteriostatic water, 1 mg/mL"")? </span></h2>
<h2>&nbsp;</h2>
<h2><span style=""font-family: helvetica, arial, sans-serif;"">Are there specific preparation instructions (e.g., ""Dissolve in bacteriostatic water, 1 mg/mL"")? (Easy to Understand) </span></h2>
<h2>&nbsp;</h2>
<h2><span style=""font-family: helvetica, arial, sans-serif;"">Chemical Structure Clinical Trials and Human Research </span></h2>
<h2>&nbsp;</h2>
<h2><span style=""font-family: helvetica, arial, sans-serif;"">Clinical Trials and Human Research (Easy Understanding) </span></h2>
<h2>&nbsp;</h2>
<h2><span style=""font-family: helvetica, arial, sans-serif;"">Disclaimer </span></h2>
<h2>&nbsp;</h2>
<h2><span style=""font-family: helvetica, arial, sans-serif;"">Effects on Different Tissue Types </span></h2>
<h2>&nbsp;</h2>
<h2><span style=""font-family: helvetica, arial, sans-serif;"">Effects on Different Tissue Types (Easy Understanding) </span></h2>
<h2>&nbsp;</h2>
<h2><span style=""font-family: helvetica, arial, sans-serif;"">Efficacy in Animal Models </span></h2>
<h2>&nbsp;</h2>
<h2><span style=""font-family: helvetica, arial, sans-serif;"">Efficacy in Animal Models (Easy Understanding) </span></h2>
<h2>&nbsp;</h2>
<h2><span style=""font-family: helvetica, arial, sans-serif;"">Future Adipotide Research </span></h2>
<h2>&nbsp;</h2>
<h2><span style=""font-family: helvetica, arial, sans-serif;"">Future Adipotide Research (Easy Understanding) </span></h2>
<h2>&nbsp;</h2>
<h2><span style=""font-family: helvetica, arial, sans-serif;"">In which models has this peptide been tested (e.g., animal models, cell cultures, human trials)? </span></h2>
<h2>&nbsp;</h2>
<h2><span style=""font-family: helvetica, arial, sans-serif;"">In which models has this peptide been tested (e.g., animal models, cell cultures, human trials)? (Easy to Understand) </span></h2>
<h2>&nbsp;</h2>
<h2><span style=""font-family: helvetica, arial, sans-serif;"">Is there any toxicity data available (e.g., LD50 values)? </span></h2>
<h2>&nbsp;</h2>
<h2><span style=""font-family: helvetica, arial, sans-serif;"">Is there any toxicity data available (e.g., LD50 values)? (Easy to Understand) </span></h2>
<h2>&nbsp;</h2>
<h2><span style=""font-family: helvetica, arial, sans-serif;"">Mechanism of Action </span></h2>
<h2>&nbsp;</h2>
<h2><span style=""font-family: helvetica, arial, sans-serif;"">Mechanism of Action (Easy Understanding) </span></h2>
<h2>&nbsp;</h2>
<h2><span style=""font-family: helvetica, arial, sans-serif;"">Metabolic and Physiological Effects </span></h2>
<h2>&nbsp;</h2>
<h2><span style=""font-family: helvetica, arial, sans-serif;"">Metabolic and Physiological Effects (Easy Understanding) </span></h2>
<h2>&nbsp;</h2>
<h2><span style=""font-family: helvetica, arial, sans-serif;"">Safety and Side Effects </span></h2>
<h2>&nbsp;</h2>
<h2><span style=""font-family: helvetica, arial, sans-serif;"">Safety and Side Effects (Easy Understanding) </span></h2>
<h2>&nbsp;</h2>
<h2><span style=""font-family: helvetica, arial, sans-serif;"">What administration methods are recommended (e.g., intraperitoneal, subcutaneous, reconstitution details)? </span></h2>
<h2>&nbsp;</h2>
<h2><span style=""font-family: helvetica, arial, sans-serif;"">What administration methods are recommended (e.g., intraperitoneal, subcutaneous, reconstitution details)? (Easy to Understand) </span></h2>
<h2>&nbsp;</h2>
<h2><span style=""font-family: helvetica, arial, sans-serif;"">What adverse effects or toxicities have been reported in studies (include references, e.g., Brown et al., 2019)? </span></h2>
<h2>&nbsp;</h2>
<h2><span style=""font-family: helvetica, arial, sans-serif;"">What adverse effects or toxicities have been reported in studies (include references, e.g., Brown et al., 2019)? (Easy to Understand) </span></h2>
<h2>&nbsp;</h2>
<h2><span style=""font-family: helvetica, arial, sans-serif;"">What are the key findings from peer-reviewed studies or clinical observations (include references, e.g., Jones et al., 2018)? </span></h2>
<h2>&nbsp;</h2>
<h2><span style=""font-family: helvetica, arial, sans-serif;"">What are the key findings from peer-reviewed studies or clinical observations (include references, e.g., Jones et al., 2018)? (Easy to Understand) </span></h2>
<h2>&nbsp;</h2>
<h2><span style=""font-family: helvetica, arial, sans-serif;"">What are the limitations of the current research data (e.g., preclinical only, small sample size)? </span></h2>
<h2>&nbsp;</h2>
<h2><span style=""font-family: helvetica, arial, sans-serif;"">What are the limitations of the current research data (e.g., preclinical only, small sample size)? (Easy to Understand) </span></h2>
<h2>&nbsp;</h2>
<h2><span style=""font-family: helvetica, arial, sans-serif;"">What are the observed or hypothesized effects of this peptide based on research (e.g., tissue-specific or systemic impacts)? </span></h2>
<h2>&nbsp;</h2>
<h2><span style=""font-family: helvetica, arial, sans-serif;"">What are the observed or hypothesized effects of this peptide based on research (e.g., tissue-specific or systemic impacts)? (Easy to Understand) </span></h2>
<h2>&nbsp;</h2>
<h2><span style=""font-family: helvetica, arial, sans-serif;"">What are the specific effects observed in vitro or in vivo (include study references if available, e.g., Smith et al., 2020)? </span></h2>
<h2>&nbsp;</h2>
<h2><span style=""font-family: helvetica, arial, sans-serif;"">What are the specific effects observed in vitro or in vivo (include study references if available, e.g., Smith et al., 2020)? (Easy to Understand) </span></h2>
<h2>&nbsp;</h2>
<h2><span style=""font-family: helvetica, arial, sans-serif;"">What are the typical dosages used in research studies (e.g., 10 &micro;g/kg, include references like Sikiric et al., 2017)? </span></h2>
<h2>&nbsp;</h2>
<h2><span style=""font-family: helvetica, arial, sans-serif;"">What are the typical dosages used in research studies (e.g., 10 &micro;g/kg, include references like Sikiric et al., 2017)? (Easy to Understand) </span></h2>
<h2>&nbsp;</h2>
<h2><span style=""font-family: helvetica, arial, sans-serif;"">What are the unanswered questions or areas needing further investigation (e.g., long-term effects unknown)? </span></h2>
<h2>&nbsp;</h2>
<h2><span style=""font-family: helvetica, arial, sans-serif;"">What are the unanswered questions or areas needing further investigation (e.g., long-term effects unknown)? (Easy to Understand) </span></h2>
<h2>&nbsp;</h2>
<h2><span style=""font-family: helvetica, arial, sans-serif;"">What biochemical pathways or receptors does this peptide target (e.g., upregulation of specific proteins or growth factors)? </span></h2>
<h2>&nbsp;</h2>
<h2><span style=""font-family: helvetica, arial, sans-serif;"">What biochemical pathways or receptors does this peptide target (e.g., upregulation of specific proteins or growth factors)? (Easy to Understand) </span></h2>
<h2>&nbsp;</h2>
<h2><span style=""font-family: helvetica, arial, sans-serif;"">What potential research avenues could be explored (e.g., synergy with other compounds)? </span></h2>
<h2>&nbsp;</h2>
<h2><span style=""font-family: helvetica, arial, sans-serif;"">What potential research avenues could be explored (e.g., synergy with other compounds)? (Easy to Understand) </span></h2>
<h2>&nbsp;</h2>
<h2><span style=""font-family: helvetica, arial, sans-serif;"">Which biological processes or conditions might this peptide influence (e.g., inflammation, muscle repair)? </span></h2>
<h2>&nbsp;</h2>
<h2><span style=""font-family: helvetica, arial, sans-serif;"">Which biological processes or conditions might this peptide influence (e.g., inflammation, muscle repair)? (Easy to Understand)</span></h2>",,"NAD+ 500mg",/nad-500mg/,,,,,,,,FALSE,0.00,0.02,0.00,0.00,0.00,TRUE,TRUE,,0,New,FALSE,0,,,,,,,,,,
Image,460,,,,,,,,,,,,,,,,,,,,,,,,,,,,,,,,,,,,,,,,https://cdn11.bigcommerce.com/s-q1sponaupn/products/137/images/460/NAD_GRADIENT__25854.1744769805.386.513.jpg?c=1,,,TRUE,0,,,,
Product,138,"AOD-9604 2mg",physical,674529,,product,1515,75,42.00,0.00,0.00,0.00,38,1,42;49,"<h1>AOD-9604</h1>
<p>Molecular Formula - C<span class=""font6""><sub>78</sub></span><span class=""font5"">H</span><span class=""font6""><sub>123</sub></span><span class=""font5"">N</span><span class=""font6""><sub>23</sub></span><span class=""font5"">O</span><span class=""font6""><sub>23</sub></span><span class=""font5"">S</span><span class=""font6""><sub>2</sub></span></p>
<p>Molecular Weight: 1815.1 u</p>
<p>Research Category - Weight Loss Research</p>
<p>Purity - 99.99%</p>
<p>Lab Tested - Yes</p>
<p>2MG</p>
<p>AOD9604 is a synthetic peptide derived from the C-terminal fragment of human growth hormone, specifically amino acids 176-191, designed to regulate fat metabolism. It mimics GH&rsquo;s lipolytic effects without impacting growth or blood sugar, making it a valuable tool for studying fat reduction pathways. Researching AOD9604 could reveal insights into obesity treatment and metabolic health optimization.</p>
<h5><a href=""%%GLOBAL_ShopPathSSL%%/store/adipotide10mg/""><span style=""color: #0000ff;"">Click here for extensive information</span></a></h5>",,,/aod-9604-2mg/,"""Buy AOD9604 for metabolic research. High-quality peptides for labs.""","Adipotide peptide, Adipotide weight loss, Adipotide FTPP, Adipotide fat loss, Adipotide dosage, Adipotide benefits, Adipotide side effects, Adipotide research, Adipotide obesity treatment, Adipotide mechanism of action, Adipotide proapoptotic peptide, Adipotide clinical trials, Adipotide white fat, Adipotide insulin resistance, Adipotide ANXA2 prohibitin, Adipotide weight reduction, Adipotide peptide for sale, Adipotide metabolic benefits, Adipotide experimental drug, Adipotide fat cell apoptosis",,,,,,FALSE,0.00,0.02,0.00,0.00,0.00,TRUE,TRUE,,0,New,FALSE,0,,,,,,,,,,
Image,459,,,,,,,,,,,,,,,,,,,,,,,,,,,,,,,,,,,,,,,,https://cdn11.bigcommerce.com/s-q1sponaupn/products/138/images/459/AOD-9604_Gradient__80823.1744769785.386.513.jpg?c=1,,,TRUE,0,,,,
Product,139,"BPC 157 2mg",physical,392847,,none,0,0,27.00,0.00,0.00,0.00,38,1,44;45;50,"<h1>BPC-157</h1>
<p>Molecular Formula - C<span class=""font6""><sub>62</sub></span><span class=""font5"">H</span><span class=""font6""><sub>98</sub></span><span class=""font5"">N</span><span class=""font6""><sub>16</sub></span><span class=""font5"">O</span><span class=""font6""><sub>22</sub></span></p>
<p>Molecular Weight: 1419.5 u</p>
<p>Research Category - Tissue Repair</p>
<p>Purity - 99.99%</p>
<p>Lab Tested - Yes</p>
<p><iframe style=""width: 500px; height: 300px;"" src=""https://embed.molview.org/v1/?mode=balls&amp;cid=9941957"" frameborder=""0""></iframe></p>
<p>BPC 157 is a stable pentadecapeptide derived from a gastric protein, known for its regenerative effects on tissues like muscle, tendon, and gut. It promotes angiogenesis and modulates healing processes, offering researchers a versatile compound to explore tissue repair and inflammation control. Studying BPC 157 could advance knowledge in wound healing, gastrointestinal health, and musculoskeletal recovery.</p>
<p>&nbsp;</p>
<h5><a href=""%%GLOBAL_ShopPathSSL%%/store/adipotide10mg/""><span style=""color: #0000ff;"">Click here for extensive information</span></a></h5>",,,/bpc-157-2mg/,"""High-purity BPC-157 for tissue repair research. Fast shipping available.""","BPC-157, buy BPC-157, BPC-157 peptide, research BPC-157",,,,,,FALSE,0.00,0.02,0.00,0.00,0.00,FALSE,FALSE,,0,New,FALSE,0,,,,,,,,,,
Image,458,,,,,,,,,,,,,,,,,,,,,,,,,,,,,,,,,,,,,,,,https://cdn11.bigcommerce.com/s-q1sponaupn/products/139/images/458/bpc-157_gradient__92823.1744769773.386.513.jpg?c=1,,,TRUE,0,,,,
Product,155,"Cagrilintide 5mg",physical,592783,,product,520,75,90.00,0.00,0.00,0.00,38,1,42;52,"<h1>Cagrilintide</h1>
<p>Molecular Formula - C194H312N54O59S2</p>
<p>Molecular Weight - 4409 u</p>
<p>Research Category - Appetite Regulation</p>
<p>Purity - 99.99%</p>
<p>Lab Tested - Yes</p>
<p><iframe style=""width: 500px; height: 300px;"" src=""https://embed.molview.org/v1/?mode=balls&amp;cid=171397054"" frameborder=""0""></iframe></p>
<p>Cagrilintide is a synthetic amylin analog that acts on amylin receptors to regulate appetite and glucose homeostasis. Its dual metabolic effects make it an exciting candidate for studying weight management and diabetes-related pathways. Exploring Cagrilintide could lead to innovative strategies for obesity and metabolic syndrome research.</p>
<p>&nbsp;</p>
<p>&nbsp;</p>",,"Cagrilintide 5mg",/cagrilintide-5mg/,"Cagrilintide, buy Cagrilintide, Cagrliintide peptide, research Cagrilintide","Cagrilintide, buy Cagrilintide, Cagrliintide peptide, research Cagrilintide",,,,,,FALSE,0.00,0.02,0.00,0.00,0.00,TRUE,TRUE,,0,New,FALSE,0,,,,,,,,,,
Image,457,,,,,,,,,,,,,,,,,,,,,,,,,,,,,,,,,,,,,,,,https://cdn11.bigcommerce.com/s-q1sponaupn/products/155/images/457/cagrilintide_gradient__15238.1744769759.386.513.jpg?c=1,,,TRUE,0,,,,
Product,156,"DSIP (Delta Sleep-Inducing Peptide) 5mg",physical,,,none,0,0,50.00,0.00,0.00,0.00,,1,45;53,"<h1>DSIP (Delta Sleep-Inducing Peptide)</h1>
<p>Molecular Formula - C35H48N10O15</p>
<p>Molecular Weight - 848.8 u</p>
<p>Research Category - Sleep Research</p>
<p>Purity - 99.99%</p>
<p>Lab Tested - Yes</p>
<p><iframe style=""width: 500px; height: 300px;"" src=""https://embed.molview.org/v1/?mode=balls&amp;cid=3623358"" frameborder=""0""></iframe></p>
<p>DSIP is a naturally occurring peptide that influences sleep patterns and stress responses by modulating neurotransmitter activity in the brain. It offers researchers a unique tool to study sleep regulation, circadian rhythms, and neuroendocrine balance. Investigating DSIP could uncover new approaches to insomnia, stress disorders, and neurological health.</p>
<p>&nbsp;</p>",,DSIP,/DSIP,"DSIP, buy DSIP, DSIP peptide, research DSIP online","DSIP, buy DSIP, DSIP peptide, research DSIP online",,,,,,FALSE,0.00,0.02,0.00,0.00,0.00,TRUE,TRUE,,0,New,FALSE,0,,,,,,,,,,
Image,456,,,,,,,,,,,,,,,,,,,,,,,,,,,,,,,,,,,,,,,,https://cdn11.bigcommerce.com/s-q1sponaupn/products/156/images/456/DSIP_gradient__66624.1744769743.386.513.jpg?c=1,,,TRUE,0,,,,
Product,157,"Epithalon 10mg",physical,,,none,0,0,90.00,0.00,0.00,0.00,,1,46;54,"<h1>Epithalon</h1>
<p>Molecular Formula - C14H22N4O9</p>
<p>Molecular Weight - 390.35 u</p>
<p>Research Category - Anti-Aging Research</p>
<p>Purity - 99.99%</p>
<p>Lab Tested - Yes</p>
<p><iframe style=""width: 500px; height: 300px;"" src=""https://embed.molview.org/v1/?mode=balls&amp;cid=219042"" frameborder=""0""></iframe></p>
<p>Epithalon is a synthetic tetrapeptide that activates telomerase, potentially lengthening telomeres and influencing cellular aging processes. Its role in melatonin regulation and antioxidant activity makes it ideal for anti-aging and longevity studies. Researching Epithalon could provide critical insights into age-related diseases and cellular senescence.</p>
<p>&nbsp;</p>",,Epithalon,/epithalon/,"Epithalon; buy Epithalon; Epithalon peptide; research Epithalon","Epithalon; buy Epithalon; Epithalon peptide; research Epithalon",,,,,,FALSE,0.00,0.02,0.00,0.00,0.00,TRUE,TRUE,,0,New,FALSE,0,,,,,,,,,,
Image,455,,,,,,,,,,,,,,,,,,,,,,,,,,,,,,,,,,,,,,,,https://cdn11.bigcommerce.com/s-q1sponaupn/products/157/images/455/Epitalon_GRADIENTnew__99542.1744769715.386.513.jpg?c=1,,,TRUE,0,,,,
Product,159,"GHK-Cu 50mg",physical,482973,,none,0,0,45.00,0.00,0.00,0.00,38,1,44;45;46;55,"<h1>GHK-Cu</h1>
<p>Molecular Formula - C28H46CuN12O8</p>
<p>Molecular Weight - 742.3 u</p>
<p>Research Category - Skin Regeneration</p>
<p>Purity - 99.99%</p>
<p>Lab Tested - Yes</p>
<p><iframe style=""width: 500px; height: 300px;"" src=""https://embed.molview.org/v1/?mode=balls&amp;cid=9831891"" frameborder=""0""></iframe></p>
<p>GHK-Cu is a copper-binding tripeptide naturally present in human plasma, known for its wound-healing and anti-inflammatory properties. It stimulates collagen production and tissue remodeling, making it a key focus for skin regeneration and cosmetic research. Studying GHK-Cu could reveal its potential in dermatology, aging, and tissue repair applications.</p>
<p>&nbsp;</p>",,"GHK-Cu 50mg",/ghk-cu-50mg/,"GHK-Cu; buy GHK-Cu; copper peptide; research GHK-Cu","GHK-Cu; buy GHK-Cu; copper peptide; research GHK-Cu",,,,,,FALSE,0.00,0.02,0.00,0.00,0.00,TRUE,TRUE,,0,New,FALSE,0,,,,,,,,,,
Image,454,,,,,,,,,,,,,,,,,,,,,,,,,,,,,,,,,,,,,,,,https://cdn11.bigcommerce.com/s-q1sponaupn/products/159/images/454/GHK-Cu_GRADIENTnew__25470.1744769701.386.513.jpg?c=1,,,TRUE,0,,,,
Product,160,"GHRP-2 - 2mg",physical,,,none,0,0,36.00,0.00,0.00,0.00,,1,56,"<h1>GHRP-2</h1>
<p>Molecular Formula - C45H55N9O6</p>
<p>Molecular Weight - 818.0 u</p>
<p>Research Category - Hormone Regulation</p>
<p>Purity - 99.99%</p>
<p>Lab Tested - Yes</p>
<p><iframe style=""width: 500px; height: 300px;"" src=""https://embed.molview.org/v1/?mode=balls&amp;cid=6918245"" frameborder=""0""></iframe></p>
<p>GHRP-2 is a growth hormone-releasing peptide that stimulates GH secretion by acting on ghrelin receptors in the pituitary gland. Its potent effects on appetite and metabolism make it a valuable tool for studying growth hormone dynamics and energy balance. Researching GHRP-2 could enhance knowledge of muscle development and metabolic disorders.</p>
<p>&nbsp;</p>",,"GHRP-2 - 2mg",/ghrp-2-2mg/,"GHRP-2; buy GHRP-2; GHRP-2 peptide; research GHRP-2","GHRP-2; buy GHRP-2; GHRP-2 peptide; research GHRP-2",,,,,,FALSE,0.00,0.02,0.00,0.00,0.00,FALSE,TRUE,,0,New,FALSE,0,,,,,,,,,,
Image,453,,,,,,,,,,,,,,,,,,,,,,,,,,,,,,,,,,,,,,,,https://cdn11.bigcommerce.com/s-q1sponaupn/products/160/images/453/GFHRP-2_GRADIENT__91575.1744769687.386.513.jpg?c=1,,,TRUE,0,,,,
Product,161,"HCG 5,000iu",physical,,,none,0,0,60.00,0.00,0.00,0.00,,1,47;57,"<h1>HCG</h1>
<p>Molecular Formula - C11H19N3O6S</p>
<p>Molecular Weight - 321.35 u</p>
<p>Research Category - Reproductive Health</p>
<p>Purity - 99.99%</p>
<p>Lab Tested - Yes</p>
<p><iframe style=""width: 500px; height: 300px;"" src=""https://embed.molview.org/v1/?mode=balls&amp;cid=4369448"" frameborder=""0""></iframe></p>
<p>HCG is a glycoprotein hormone mimicking luteinizing hormone (LH) activity, widely used to study reproductive and endocrine functions. It supports testosterone production and gonadal activity, offering insights into fertility and hormonal regulation. Investigating HCG could advance research in reproductive health and hormone-related therapies.</p>
<p>&nbsp;</p>",,HCG,/hcg/,"HCG; buy HCG; HCG peptide; research HCG online","HCG; buy HCG; HCG peptide; research HCG online",,,,,,FALSE,0.00,0.02,0.00,0.00,0.00,TRUE,TRUE,,0,New,FALSE,0,,,,,,,,,,
Image,452,,,,,,,,,,,,,,,,,,,,,,,,,,,,,,,,,,,,,,,,https://cdn11.bigcommerce.com/s-q1sponaupn/products/161/images/452/hcg_GRADIENT__03020.1744769675.386.513.jpg?c=1,,,TRUE,0,,,,
Product,162,"Hexarelin 2mg",physical,,,none,0,0,45.00,0.00,0.00,0.00,,1,43;58,"<h1>Hexarelin</h1>
<p>Molecular Formula - C47H58N12O6</p>
<p>Molecular Weight - 887.0 u</p>
<p>Research Category - Muscle Growth Research</p>
<p>Purity - 99.99%</p>
<p>Lab Tested - Yes</p>
<p><iframe style=""width: 500px; height: 300px;"" src=""https://embed.molview.org/v1/?mode=balls&amp;cid=6918297"" frameborder=""0""></iframe></p>
<p>Hexarelin is a synthetic hexapeptide that binds ghrelin receptors to potently stimulate GH release and enhance cardiac function. Its rapid action makes it an excellent candidate for studying growth hormone pathways and cardiovascular protection. Researching Hexarelin could lead to discoveries in muscle growth, heart health, and endocrine signaling.</p>
<p>&nbsp;</p>",,"Hexarelin 2mg",/hexarelin-2mg/,"Hexarelin; buy Hexarelin; Hexarelin peptide; research Hexarelin","Hexarelin; buy Hexarelin; Hexarelin peptide; research Hexarelin",,,,,,FALSE,0.00,0.02,0.00,0.00,0.00,FALSE,FALSE,,0,New,FALSE,0,,,,,,,,,,
Image,451,,,,,,,,,,,,,,,,,,,,,,,,,,,,,,,,,,,,,,,,https://cdn11.bigcommerce.com/s-q1sponaupn/products/162/images/451/hexarelion_GRADIENT__77586.1744769662.386.513.jpg?c=1,,,TRUE,1,,,,
Product,164,"IGF-1 LR3 1mg",physical,,,none,0,0,110.00,0.00,0.00,0.00,,1,43;60,"<h1>IGF-1 LR3</h1>
<p>Molecular Formula - C13H11N5O3</p>
<p>Molecular Weight - 285.26 u</p>
<p>Research Category - Muscle Developmentm Research</p>
<p>Purity - 99.99%</p>
<p>Lab Tested - Yes</p>
<p><iframe style=""width: 500px; height: 300px;"" src=""https://embed.molview.org/v1/?mode=balls&amp;cid=137552069"" frameborder=""0""></iframe></p>
<p>IGF LR3 is a long-acting analog of IGF-1, a peptide that mediates growth hormone effects on muscle and bone development. Its enhanced stability allows detailed study of cellular growth, hypertrophy, and insulin signaling pathways. Researching IGF LR3 could accelerate progress in muscle repair, diabetes, and anabolic therapies.</p>
<p>&nbsp;</p>",,"IGF-1 LR3 1mg",/igflr3/,"IGF LR3; buy IGF LR3; IGF LR3 peptide; research IGF LR3","IGF LR3; buy IGF LR3; IGF LR3 peptide; research IGF LR3",,,,,,FALSE,0.00,0.02,0.00,0.00,0.00,TRUE,TRUE,,0,New,FALSE,0,,,,,,,,,,
Image,449,,,,,,,,,,,,,,,,,,,,,,,,,,,,,,,,,,,,,,,,https://cdn11.bigcommerce.com/s-q1sponaupn/products/164/images/449/IGF_LR3_GRADIENT__74339.1744769632.386.513.jpg?c=1,,,TRUE,0,,,,
Product,165,"Kisspeptin-10 5mg",physical,,,none,0,0,65.00,0.00,0.00,0.00,,1,47;61,"<h1>Kisspeptin</h1>
<p>Molecular Formula - C258H401N79O78</p>
<p>Molecular Weight - 5857 u</p>
<p>Research Category - Reproductive Health Research</p>
<p>Purity - 99.99%</p>
<p>Lab Tested - Yes</p>
<p><iframe style=""width: 500px; height: 300px;"" src=""https://embed.molview.org/v1/?mode=balls&amp;cid=71306396"" frameborder=""0""></iframe></p>
<p>Kisspeptin is a neuropeptide that regulates gonadotropin-releasing hormone (GnRH) secretion, playing a central role in reproductive physiology. It offers a precise tool to investigate puberty, fertility, and hormonal feedback mechanisms. Studying Kisspeptin could reveal new treatments for reproductive disorders and endocrine imbalances.</p>
<p>&nbsp;</p>",,Kisspeptin,/kisspeptin/,"Kisspeptin; buy Kisspeptin; Kisspeptin peptide; research Kisspeptin","Kisspeptin; buy Kisspeptin; Kisspeptin peptide; research Kisspeptin",,,,,,FALSE,0.00,0.02,0.00,0.00,0.00,TRUE,TRUE,,0,New,FALSE,0,,,,,,,,,,
Image,448,,,,,,,,,,,,,,,,,,,,,,,,,,,,,,,,,,,,,,,,https://cdn11.bigcommerce.com/s-q1sponaupn/products/165/images/448/KISSPEPTIN_GRADIENT__55005.1744769620.386.513.jpg?c=1,,,TRUE,0,,,,
Product,166,"MOTS-C 10mg",physical,,,none,0,0,65.00,0.00,0.00,0.00,,1,42;46;62,"<h1>MOTS-c</h1>
<p>Molecular Formula - C101H152N28O22S2</p>
<p>Molecular Weight - 2174.6 u</p>
<p>Research Category - Mitochondrial Function Research</p>
<p>Purity - 99.99%</p>
<p>Lab Tested - Yes</p>
<p><iframe style=""width: 500px; height: 300px;"" src=""https://embed.molview.org/v1/?mode=balls&amp;cid=146675088"" frameborder=""0""></iframe></p>
<p>MOTS-C is a mitochondrial-derived peptide that enhances insulin sensitivity and regulates energy metabolism by activating AMPK pathways. Its role in cellular homeostasis makes it a compelling subject for metabolic and aging research. Investigating MOTS-C could lead to breakthroughs in diabetes, obesity, and mitochondrial function studies.</p>
<p>&nbsp;</p>",,MOTS-c,/mots-c/,"MOTS-C; buy MOTS-C; MOTS-C peptide; research MOTS-C","MOTS-C; buy MOTS-C; MOTS-C peptide; research MOTS-C",,,,,,FALSE,0.00,0.02,0.00,0.00,0.00,TRUE,TRUE,,0,New,FALSE,0,,,,,,,,,,
Image,447,,,,,,,,,,,,,,,,,,,,,,,,,,,,,,,,,,,,,,,,https://cdn11.bigcommerce.com/s-q1sponaupn/products/166/images/447/MOTS-CGRADIENT__92352.1744769548.386.513.jpg?c=1,,,TRUE,0,,,,
Product,167,"Melanotan 2 10mg",physical,482800,,none,0,0,30.00,0.00,0.00,0.00,38,1,63,"<h1>MT-2</h1>
<p>Molecular Formula - C101H152N28O22S2</p>
<p>Molecular Weight - 2174.6 u</p>
<p>Research Category - Pigmentation Research</p>
<p>Purity - 99.99%</p>
<p>Lab Tested - Yes</p>
<p><iframe style=""width: 500px; height: 300px;"" src=""https://embed.molview.org/v1/?mode=balls&amp;cid=92432"" frameborder=""0""></iframe></p>
<p>MT2 is a synthetic melanocortin receptor agonist that stimulates melanin production and influences sexual arousal. It provides a unique platform to study pigmentation, UV protection, and libido regulation in experimental models. Researching MT2 could advance dermatological and behavioral neuroscience applications.</p>
<p>&nbsp;</p>",,"Melanotan 2",/melanotan-2/,"MT2; buy Melanotan 2; MT2 peptide; research Melanotan 2","MT2; buy Melanotan 2; MT2 peptide; research Melanotan 2",,,,,,FALSE,0.00,0.02,0.00,0.00,0.00,TRUE,TRUE,,0,New,FALSE,0,,,,,,,,,,
Image,446,,,,,,,,,,,,,,,,,,,,,,,,,,,,,,,,,,,,,,,,https://cdn11.bigcommerce.com/s-q1sponaupn/products/167/images/446/MELANOTAN_2_GRADIENT__35651.1744769454.386.513.jpg?c=1,,,TRUE,0,,,,
Product,168,"CJC-1295 with DAC 5mg",physical,294678,,product,0,75,56.00,0.00,0.00,0.00,38,1,51,,,"CJC-1295 with DAC 5mg",/cjc-1295-with-dac-5mg/,,,,,,,,FALSE,0.00,0.02,0.00,0.00,0.00,FALSE,FALSE,,0,New,FALSE,0,,,,,,,,,,
Image,476,,,,,,,,,,,,,,,,,,,,,,,,,,,,,,,,,,,,,,,,https://cdn11.bigcommerce.com/s-q1sponaupn/products/168/images/476/cjc-1295_gradientnew__36289.1744997117.386.513.jpg?c=1,,,TRUE,0,,,,
Product,169,"Tirzepatide 5mg",physical,758307,,none,0,0,84.00,0.00,0.00,0.00,38,1,42;78,"<h1>Tirzepatide</h1>
<p>Molecular Formula - C<span class=""font6""><sub>225</sub></span><span class=""font5"">H</span><span class=""font6""><sub>348</sub></span><span class=""font5"">N</span><span class=""font6""><sub>48</sub></span><span class=""font5"">O</span><span class=""font6""><sub>68</sub></span></p>
<p><span class=""font6"">Molecular Weight - 4813 u</span></p>
<p>Research Category - Weight Loss Research</p>
<p>Purity - 99.99%</p>
<p>Lab Tested - Yes</p>
<p><iframe style=""width: 500px; height: 300px;"" src=""https://embed.molview.org/v1/?mode=balls&amp;cid=168009818"" frameborder=""0""></iframe></p>
<p>Tirzepatide is a dual GIP and GLP-1 receptor agonist that enhances glucose control and promotes significant weight loss. Its multifaceted mechanism makes it a cutting-edge subject for diabetes and obesity research. Investigating Tirzepatide could redefine metabolic disease management and therapeutic design.</p>
<h5><a href=""%%GLOBAL_ShopPathSSL%%/store/adipotide10mg/""><span style=""color: #0000ff;"">Click here for extensive information</span></a></h5>",,"Tirzepatide 5mg",/tirzepatide-5mg/,,,,,,,,FALSE,0.00,0.02,0.00,0.00,0.00,TRUE,TRUE,,0,New,FALSE,0,,,,,,,,,,
Image,477,,,,,,,,,,,,,,,,,,,,,,,,,,,,,,,,,,,,,,,,https://cdn11.bigcommerce.com/s-q1sponaupn/products/169/images/477/tirzepatide_gradient_image__04068.1744769847.1280.1280__74974.1745003167.386.513.jpg?c=1,,,TRUE,0,,,,
Product,170,"Tirzepatide 10 mg",physical,482808,,none,0,0,117.00,0.00,0.00,0.00,38,1,42;78,"<h1>Tirzepatide</h1>
<p>Molecular Formula - C<span class=""font6""><sub>225</sub></span><span class=""font5"">H</span><span class=""font6""><sub>348</sub></span><span class=""font5"">N</span><span class=""font6""><sub>48</sub></span><span class=""font5"">O</span><span class=""font6""><sub>68</sub></span></p>
<p><span class=""font6"">Molecular Weight - 4813 u</span></p>
<p>Research Category - Weight Loss Research</p>
<p>Purity - 99.99%</p>
<p>Lab Tested - Yes</p>
<p><iframe style=""width: 500px; height: 300px;"" src=""https://embed.molview.org/v1/?mode=balls&amp;cid=168009818"" frameborder=""0""></iframe></p>
<p>Tirzepatide is a dual GIP and GLP-1 receptor agonist that enhances glucose control and promotes significant weight loss. Its multifaceted mechanism makes it a cutting-edge subject for diabetes and obesity research. Investigating Tirzepatide could redefine metabolic disease management and therapeutic design.</p>
<h5><a href=""%%GLOBAL_ShopPathSSL%%/store/adipotide10mg/""><span style=""color: #0000ff;"">Click here for extensive information</span></a></h5>",,"Tirzepatide 10 mg",/tirzepatide-10-mg/,,,,,,,,FALSE,0.00,0.02,0.00,0.00,0.00,TRUE,TRUE,,0,New,FALSE,0,,,,,,,,,,
Image,478,,,,,,,,,,,,,,,,,,,,,,,,,,,,,,,,,,,,,,,,https://cdn11.bigcommerce.com/s-q1sponaupn/products/170/images/478/tirzepatide_gradient_image__04068.1744769847.1280.1280__74974.1745003167.1280.1280__82079.1745003242.386.513.jpg?c=1,,,TRUE,0,,,,
Product,171,"Tirzepatide 15 mg",physical,293887,,none,0,0,150.00,0.00,0.00,0.00,38,1,42;78,"<h1>Tirzepatide</h1>
<p>Molecular Formula - C<span class=""font6""><sub>225</sub></span><span class=""font5"">H</span><span class=""font6""><sub>348</sub></span><span class=""font5"">N</span><span class=""font6""><sub>48</sub></span><span class=""font5"">O</span><span class=""font6""><sub>68</sub></span></p>
<p><span class=""font6"">Molecular Weight - 4813 u</span></p>
<p>Research Category - Weight Loss Research</p>
<p>Purity - 99.99%</p>
<p>Lab Tested - Yes</p>
<p><iframe style=""width: 500px; height: 300px;"" src=""https://embed.molview.org/v1/?mode=balls&amp;cid=168009818"" frameborder=""0""></iframe></p>
<p>Tirzepatide is a dual GIP and GLP-1 receptor agonist that enhances glucose control and promotes significant weight loss. Its multifaceted mechanism makes it a cutting-edge subject for diabetes and obesity research. Investigating Tirzepatide could redefine metabolic disease management and therapeutic design.</p>
<h5><a href=""%%GLOBAL_ShopPathSSL%%/store/adipotide10mg/""><span style=""color: #0000ff;"">Click here for extensive information</span></a></h5>",,"Tirzepatide 15 mg",/tirzepatide-15-mg/,,,,,,,,FALSE,0.00,0.02,0.00,0.00,0.00,TRUE,TRUE,,0,New,FALSE,0,,,,,,,,,,
Image,479,,,,,,,,,,,,,,,,,,,,,,,,,,,,,,,,,,,,,,,,https://cdn11.bigcommerce.com/s-q1sponaupn/products/171/images/479/1745003242.1280.1280__60543.1745003261.386.513.jpg?c=1,,,TRUE,0,,,,
Product,172,"Tirzepatide 30 mg",physical,758308,,none,0,0,210.00,0.00,0.00,0.00,38,1,42;78,"<h1>Tirzepatide</h1>
<p>Molecular Formula - C<span class=""font6""><sub>225</sub></span><span class=""font5"">H</span><span class=""font6""><sub>348</sub></span><span class=""font5"">N</span><span class=""font6""><sub>48</sub></span><span class=""font5"">O</span><span class=""font6""><sub>68</sub></span></p>
<p><span class=""font6"">Molecular Weight - 4813 u</span></p>
<p>Research Category - Weight Loss Research</p>
<p>Purity - 99.99%</p>
<p>Lab Tested - Yes</p>
<p><iframe style=""width: 500px; height: 300px;"" src=""https://embed.molview.org/v1/?mode=balls&amp;cid=168009818"" frameborder=""0""></iframe></p>
<p>Tirzepatide is a dual GIP and GLP-1 receptor agonist that enhances glucose control and promotes significant weight loss. Its multifaceted mechanism makes it a cutting-edge subject for diabetes and obesity research. Investigating Tirzepatide could redefine metabolic disease management and therapeutic design.</p>
<h5><a href=""%%GLOBAL_ShopPathSSL%%/store/adipotide10mg/""><span style=""color: #0000ff;"">Click here for extensive information</span></a></h5>",,"Tirzepatide 30 mg",/tirzepatide-30-mg/,,,,,,,,FALSE,0.00,0.02,0.00,0.00,0.00,TRUE,TRUE,,0,New,FALSE,0,,,,,,,,,,
Image,480,,,,,,,,,,,,,,,,,,,,,,,,,,,,,,,,,,,,,,,,https://cdn11.bigcommerce.com/s-q1sponaupn/products/172/images/480/1745003242.1280.1280__60543.1745003261.1280.1280__56151.1745003285.386.513.jpg?c=1,,,TRUE,0,,,,
Product,173,"Tirzepatide 60 mg",physical,782560,,none,0,0,360.00,0.00,0.00,0.00,38,1,42;78,"<h1>Tirzepatide</h1>
<p>Molecular Formula - C<span class=""font6""><sub>225</sub></span><span class=""font5"">H</span><span class=""font6""><sub>348</sub></span><span class=""font5"">N</span><span class=""font6""><sub>48</sub></span><span class=""font5"">O</span><span class=""font6""><sub>68</sub></span></p>
<p><span class=""font6"">Molecular Weight - 4813 u</span></p>
<p>Research Category - Weight Loss Research</p>
<p>Purity - 99.99%</p>
<p>Lab Tested - Yes</p>
<p><iframe style=""width: 500px; height: 300px;"" src=""https://embed.molview.org/v1/?mode=balls&amp;cid=168009818"" frameborder=""0""></iframe></p>
<p>Tirzepatide is a dual GIP and GLP-1 receptor agonist that enhances glucose control and promotes significant weight loss. Its multifaceted mechanism makes it a cutting-edge subject for diabetes and obesity research. Investigating Tirzepatide could redefine metabolic disease management and therapeutic design.</p>
<h5><a href=""%%GLOBAL_ShopPathSSL%%/store/adipotide10mg/""><span style=""color: #0000ff;"">Click here for extensive information</span></a></h5>",,"Tirzepatide 60 mg",/tirzepatide-60-mg/,,,,,,,,FALSE,0.00,0.02,0.00,0.00,0.00,TRUE,TRUE,,0,New,FALSE,0,,,,,,,,,,
Image,481,,,,,,,,,,,,,,,,,,,,,,,,,,,,,,,,,,,,,,,,https://cdn11.bigcommerce.com/s-q1sponaupn/products/173/images/481/1745003285.1280.1280__86966.1745003398.386.513.jpg?c=1,,,TRUE,0,,,,
Product,174,"Thymosin alpha 1 - 10 MG",physical,482806,,product,1110,75,105.00,0.00,0.00,0.00,38,1,46;47;76,"<h4>Molecular Formula - C<span class=""font6""><sub>129</sub></span><span class=""font5"">H</span><span class=""font6""><sub>215</sub></span><span class=""font5"">N</span><span class=""font6""><sub>33</sub></span><span class=""font5"">O</span><span class=""font6""><sub>55</sub></span></h4>
<h4>Molecular Weight - 3108.3 u</h4>
<h4>Research Category - Immunology Research</h4>
<h4>Purity - 99.99%</h4>
<h4>Lab Tested - Yes</h4>
<p><iframe style=""width: 500px; height: 300px;"" src=""https://embed.molview.org/v1/?mode=balls&amp;cid=16130571"" width=""800"" frameborder=""0""></iframe></p>
<p>Thymosin Alpha 1 is a thymic peptide that enhances immune response by boosting T-cell activity and antiviral defenses. It&rsquo;s a powerful tool for studying immune regulation, infection resistance, and cancer immunotherapy. Investigating Thymosin Alpha 1 could lead to novel immune-enhancing therapies.</p>",,"Thymopsin Alpha 1",/thymosin-alpha-1-10-mg/,,,,,,,,FALSE,0.00,0.02,0.00,0.00,0.00,TRUE,TRUE,,0,New,FALSE,0,,,,,,,,,,
Image,509,,,,,,,,,,,,,,,,,,,,,,,,,,,,,,,,,,,,,,,,https://cdn11.bigcommerce.com/s-q1sponaupn/products/174/images/509/Thymosin_Beta_4__30973.1745375030.386.513.png?c=1,,,TRUE,0,,,,
Product,175,"TB-500 (Thymosin β4) 5mg",physical,787903,,product,357,75,63.00,0.00,0.00,0.00,38,1,44;45;77,"<p>Molecular Formula - C<span class=""font6""><sub>219</sub></span><span class=""font5"">H<span class=""font6""><sub>215</sub></span></span><span class=""font5"">N</span><span class=""font6""><sub>33</sub></span><span class=""font5"">O</span><span class=""font6""><sub>55</sub></span></p>
<p><span class=""font5"">Molecular Weight - 3108.315 g/mol</span></p>
<p><span class=""font5"">Research Category - Tissue Repair Research</span></p>
<p><span class=""font5"">Purity - 99%</span></p>
<p><span class=""font5"">Lab Tested - Yes</span></p>
<p><span class=""font5""><iframe style=""width: 500px; height: 300px;"" src=""https://embed.molview.org/v1/?mode=balls&amp;cid=45382195"" frameborder=""0""></iframe></span></p>
<p>Thymosin &beta;4 is a naturally occurring peptide that promotes tissue repair, angiogenesis, and anti-inflammatory responses across multiple systems. It offers researchers a broad platform to explore wound healing, cardiac repair, and musculoskeletal recovery. Studying TB-500 could revolutionize regenerative medicine applications.</p>
<p>&nbsp;</p>
<p>&nbsp;</p>",,"TB-500 - Tissue Repair Peptide",/tb-500-thymosin-4-5mg/,"TB-500 for tissue repair research. High-purity peptides for labs.","TB-500, buy TB-500, Thymosin β4, research TB-500",,,,,,FALSE,0.00,0.02,0.00,0.00,0.00,TRUE,TRUE,,0,New,FALSE,0,,,,,,,,,,
Image,508,,,,,,,,,,,,,,,,,,,,,,,,,,,,,,,,,,,,,,,,https://cdn11.bigcommerce.com/s-q1sponaupn/products/175/images/508/Thymosin_Beta_4__49000.1745375010.386.513.png?c=1,,,TRUE,0,,,,
Product,176,"TB-500 (Thymosin β4) 10mg",physical,360508,,product,0,75,96.00,0.00,0.00,0.00,38,1,44;45;77,"<p>Molecular Formula - C<span class=""font6""><sub>212</sub></span><span class=""font5"">H</span><span class=""font6""><sub>350</sub></span><span class=""font5"">N</span><span class=""font6""><sub>56</sub></span><span class=""font5"">O</span><span class=""font6""><sub>78</sub></span><span class=""font5"">S</span></p>
<p><span class=""font5"">Molecular Weight - 4963 u</span></p>
<p><span class=""font5"">Research Category - Tissue Repair Research</span></p>
<p><span class=""font5"">Purity - 99.99%</span></p>
<p><span class=""font5"">Lab Tested - Yes</span></p>
<p><span class=""font5""><iframe style=""width: 500px; height: 300px;"" src=""https://embed.molview.org/v1/?mode=balls&amp;cid=45382195"" frameborder=""0""></iframe></span></p>
<p>Thymosin &beta;4 is a naturally occurring peptide that promotes tissue repair, angiogenesis, and anti-inflammatory responses across multiple systems. It offers researchers a broad platform to explore wound healing, cardiac repair, and musculoskeletal recovery. Studying TB-500 could revolutionize regenerative medicine applications.</p>
<p>&nbsp;</p>
<p>&nbsp;</p>",,"TB-500 - Tissue Repair Peptide",/tb-500-thymosin-4-10mg/,"TB-500 for tissue repair research. High-purity peptides for labs.","TB-500, buy TB-500, Thymosin β4, research TB-500",,,,,,FALSE,0.00,0.02,0.00,0.00,0.00,FALSE,FALSE,,0,New,FALSE,0,,,,,,,,,,
Image,507,,,,,,,,,,,,,,,,,,,,,,,,,,,,,,,,,,,,,,,,https://cdn11.bigcommerce.com/s-q1sponaupn/products/176/images/507/Thymosin_Beta_4__55107.1745374998.386.513.png?c=1,,,TRUE,0,,,,
Product,177,"Semaglutide 5mg",physical,482802,,product,610,75,84.00,0.00,0.00,0.00,38,1,42;69,"<p>Molecular Formula - C<span class=""font6""><sub>187</sub></span><span class=""font5"">H</span><span class=""font6""><sub>291</sub></span><span class=""font5"">N</span><span class=""font6""><sub>45</sub></span><span class=""font5"">O</span><span class=""font6""><sub>59</sub></span></p>
<p>Molecular Weight - 4114 u</p>
<p>Research Category - Weight Loss Research</p>
<p>Purity - 99.99%</p>
<p>Lab Tested - Yes</p>
<p><iframe style=""width: 500px; height: 300px;"" src=""https://embed.molview.org/v1/?mode=balls&amp;cid=56843331"" frameborder=""0""></iframe></p>
<p>Semaglutide is a GLP-1 receptor agonist that regulates glucose metabolism and suppresses appetite through prolonged receptor activation. Its efficacy in weight loss and diabetes management makes it a prime candidate for metabolic research. Investigating Semaglutide could drive innovations in obesity treatment and glycemic control strategies.</p>",,"Semaglutide 5mg",/semaglutide-5mg/,,,,,,,,FALSE,0.00,0.02,0.00,0.00,0.00,TRUE,TRUE,,0,New,FALSE,0,,,,,,,,,,
Image,485,,,,,,,,,,,,,,,,,,,,,,,,,,,,,,,,,,,,,,,,https://cdn11.bigcommerce.com/s-q1sponaupn/products/177/images/485/Semagliutide_GRADIENT__51606.1744769982.1280.1280__44300.1745003629.386.513.jpg?c=1,,,TRUE,0,,,,
Product,178,"Semaglutide 10mg",physical,293881,,product,0,75,120.00,0.00,0.00,0.00,38,1,42;69,"<p>Molecular Formula - C<span class=""font6""><sub>187</sub></span><span class=""font5"">H</span><span class=""font6""><sub>291</sub></span><span class=""font5"">N</span><span class=""font6""><sub>45</sub></span><span class=""font5"">O</span><span class=""font6""><sub>59</sub></span></p>
<p>Molecular Weight - 4114 u</p>
<p>Research Category - Weight Loss Research</p>
<p>Purity - 99.99%</p>
<p>Lab Tested - Yes</p>
<p><iframe style=""width: 500px; height: 300px;"" src=""https://embed.molview.org/v1/?mode=balls&amp;cid=56843331"" frameborder=""0""></iframe></p>
<p>Semaglutide is a GLP-1 receptor agonist that regulates glucose metabolism and suppresses appetite through prolonged receptor activation. Its efficacy in weight loss and diabetes management makes it a prime candidate for metabolic research. Investigating Semaglutide could drive innovations in obesity treatment and glycemic control strategies.</p>",,"Semaglutide 10mg",/semaglutide-10mg/,,,,,,,,FALSE,0.00,0.02,0.00,0.00,0.00,FALSE,FALSE,,0,New,FALSE,0,,,,,,,,,,
Image,486,,,,,,,,,,,,,,,,,,,,,,,,,,,,,,,,,,,,,,,,https://cdn11.bigcommerce.com/s-q1sponaupn/products/178/images/486/Semagliutide_GRADIENT__51606.1744769982.1280.1280__44300.1745003629.1280.1280__76175.1745003651.386.513.jpg?c=1,,,TRUE,0,,,,
Product,179,"Sermorelin 5mg",physical,293882,,product,0,75,81.00,0.00,0.00,0.00,38,1,71,"<p>Molecular Formula - C<span class=""font6""><sub>149</sub></span><span class=""font5"">H</span><span class=""font6""><sub>246</sub></span><span class=""font5"">N</span><span class=""font6""><sub>44</sub></span><span class=""font5"">O</span><span class=""font6""><sub>42</sub></span><span class=""font5"">S</span></p>
<p>Molecular Weight - 3357.9 u</p>
<p>Research Category - Hormone Regulation</p>
<p>Purity - 99.99%</p>
<p>Lab Tested - Yes</p>
<p><iframe style=""width: 500px; height: 300px;"" src=""https://embed.molview.org/v1/?mode=balls&amp;cid=16129620"" frameborder=""0""></iframe></p>
<p>Sermorelin is a GHRH analog that stimulates pituitary GH release, mimicking natural pulsatile secretion patterns. It allows researchers to investigate growth hormone dynamics, aging, and metabolic regulation with high specificity. Studying Sermorelin could inform treatments for growth deficiencies and age-related decline.</p>",,"Sermorelin 5mg",/sermorelin-5mg/,,,,,,,,FALSE,0.00,0.02,0.00,0.00,0.00,FALSE,FALSE,,0,New,FALSE,0,,,,,,,,,,
Image,487,,,,,,,,,,,,,,,,,,,,,,,,,,,,,,,,,,,,,,,,https://cdn11.bigcommerce.com/s-q1sponaupn/products/179/images/487/Sermorelin_GRADIENT__24223.1744769956.1280.1280__22436.1745003814.386.513.jpg?c=1,,,TRUE,0,,,,
Product,180,"Tesamorelin 5mg",physical,482805,,product,0,0,84.00,0.00,0.00,0.00,38,1,42;43;75,"<h4>Molecular Formula - C<span class=""font6""><sub>221</sub></span><span class=""font5"">H</span><span class=""font6""><sub>366</sub></span><span class=""font5"">N</span><span class=""font6""><sub>72</sub></span><span class=""font5"">O</span><span class=""font6""><sub>67</sub></span><span class=""font5"">S</span></h4>
<h4>Molecular Weight - 5136 u</h4>
<h4>Research Category - Hormone Regulation</h4>
<h4>Purity - 99.99%</h4>
<h4>Lab Tested - Yes</h4>
<p><iframe style=""width: 500px; height: 300px;"" src=""https://embed.molview.org/v1/?mode=balls&amp;cid=16137828"" frameborder=""0""></iframe></p>
<p>Tesamorelin is a GHRH analog designed to reduce visceral fat by stimulating GH secretion with high specificity. It provides a targeted approach to study lipodystrophy, metabolic syndrome, and GH-related fat metabolism. Researching Tesamorelin could improve treatments for obesity and HIV-associated fat disorders.</p>",,"Tesamorelin 5mg",/tesamorelin-5mg/,,,,,,,,FALSE,0.00,0.02,0.00,0.00,0.00,TRUE,TRUE,,0,New,FALSE,0,,,,,,,,,,
Image,488,,,,,,,,,,,,,,,,,,,,,,,,,,,,,,,,,,,,,,,,https://cdn11.bigcommerce.com/s-q1sponaupn/products/180/images/488/TESAMORELIN_GRADIENT__76288.1744769904.1280.1280__52983.1745003942.386.513.jpg?c=1,,,TRUE,0,,,,
Product,181,"Tesamorelin 10mg",physical,,,none,0,0,140.00,0.00,0.00,0.00,38,1,42;43;75,"<h4>Molecular Formula - C<span class=""font6""><sub>221</sub></span><span class=""font5"">H</span><span class=""font6""><sub>366</sub></span><span class=""font5"">N</span><span class=""font6""><sub>72</sub></span><span class=""font5"">O</span><span class=""font6""><sub>67</sub></span><span class=""font5"">S</span></h4>
<h4>Molecular Weight - 5136 u</h4>
<h4>Research Category - Hormone Regulation</h4>
<h4>Purity - 99.99%</h4>
<h4>Lab Tested - Yes</h4>
<p><iframe style=""width: 500px; height: 300px;"" src=""https://embed.molview.org/v1/?mode=balls&amp;cid=16137828"" frameborder=""0""></iframe></p>
<p>Tesamorelin is a GHRH analog designed to reduce visceral fat by stimulating GH secretion with high specificity. It provides a targeted approach to study lipodystrophy, metabolic syndrome, and GH-related fat metabolism. Researching Tesamorelin could improve treatments for obesity and HIV-associated fat disorders.</p>",,"Tesamorelin 2mg",/tesamorelin-10mg/,,,,,,,,FALSE,0.00,0.00,0.00,0.00,0.00,TRUE,TRUE,,0,New,FALSE,0,,,,,,,,,,
Variant,194,,,127-5-1-1,Type=Radio|Name=MG|Value=5,,0,0,80.00,0.00,,,,,,,,,,,,,,,,,FALSE,,,,,,,,,,,,,https://cdn11.bigcommerce.com/s-q1sponaupn/product_images/attribute_rule_images/47_source_1745003954.png,,,,,,,,,
Variant,195,,,127-10-1-1,Type=Radio|Name=MG|Value=10,,0,0,140.00,0.00,,,,,,,,,,,,,,,,,FALSE,,,,,,,,,,,,,https://cdn11.bigcommerce.com/s-q1sponaupn/product_images/attribute_rule_images/48_source_1745003955.png,,,,,,,,,
Image,489,,,,,,,,,,,,,,,,,,,,,,,,,,,,,,,,,,,,,,,,https://cdn11.bigcommerce.com/s-q1sponaupn/products/181/images/489/TESAMORELIN_GRADIENT__76288.1744769904.1280.1280__52983.1745003942.1280.1280__19037.1745003953.386.513.jpg?c=1,,,TRUE,0,,,,
Product,182,"SS-31 10mg",physical,,,none,0,0,63.00,0.00,0.00,0.00,,1,73,,,"SS-31 10mg",/ss-31-10mg/,,,,,,,,FALSE,0.00,0.00,0.00,0.00,0.00,TRUE,TRUE,,0,New,FALSE,0,,,,,,,,,,
Image,506,,,,,,,,,,,,,,,,,,,,,,,,,,,,,,,,,,,,,,,,https://cdn11.bigcommerce.com/s-q1sponaupn/products/182/images/506/SS31_GRADIENT__65120.1745374941.386.513.jpg?c=1,,,TRUE,0,,,,
Product,183,"SS-31 50mg",physical,,,none,0,0,168.00,0.00,0.00,0.00,,1,73,,,"SS-31 50mg",/ss-31-50mg/,,,,,,,,FALSE,0.00,0.00,0.00,0.00,0.00,FALSE,FALSE,,0,New,FALSE,0,,,,,,,,,,
Image,505,,,,,,,,,,,,,,,,,,,,,,,,,,,,,,,,,,,,,,,,https://cdn11.bigcommerce.com/s-q1sponaupn/products/183/images/505/SS31_GRADIENT__69706.1745374862.386.513.jpg?c=1,,,TRUE,0,,,,
Product,184,"HMG 75iu/vial",physical,,,none,0,0,36.00,0.00,0.00,0.00,,1,,,,"HMG 75iu/vial",/hmg-75iu-vial/,,,,,,,,FALSE,0.00,0.00,0.00,0.00,0.00,FALSE,FALSE,,0,New,FALSE,0,,,,,,,,,,
Product,185,"Hexarelin 5mg",physical,,,none,0,0,45.00,0.00,0.00,0.00,,1,43;58,"<h1>Hexarelin</h1>
<p>Molecular Formula - C47H58N12O6</p>
<p>Molecular Weight - 887.0 u</p>
<p>Research Category - Muscle Growth Research</p>
<p>Purity - 99.99%</p>
<p>Lab Tested - Yes</p>
<p><iframe style=""width: 500px; height: 300px;"" src=""https://embed.molview.org/v1/?mode=balls&amp;cid=6918297"" frameborder=""0""></iframe></p>
<p>Hexarelin is a synthetic hexapeptide that binds ghrelin receptors to potently stimulate GH release and enhance cardiac function. Its rapid action makes it an excellent candidate for studying growth hormone pathways and cardiovascular protection. Researching Hexarelin could lead to discoveries in muscle growth, heart health, and endocrine signaling.</p>
<p>&nbsp;</p>",,"Hexarelin 5mg",/hexarelin-5mg/,"Hexarelin; buy Hexarelin; Hexarelin peptide; research Hexarelin","Hexarelin; buy Hexarelin; Hexarelin peptide; research Hexarelin",,,,,,FALSE,0.00,0.02,0.00,0.00,0.00,FALSE,FALSE,,0,New,FALSE,0,,,,,,,,,,
Image,490,,,,,,,,,,,,,,,,,,,,,,,,,,,,,,,,,,,,,,,,https://cdn11.bigcommerce.com/s-q1sponaupn/products/185/images/490/hexarelion_GRADIENT__77586.1744769662.1280.1280__14497.1745004386.386.513.jpg?c=1,,,TRUE,1,,,,
Product,186,"GHRP-2 5mg",physical,,,none,0,0,39.00,0.00,0.00,0.00,,1,56,,,"GHRP-2 5mg",/ghrp-2-5mg/,,,,,,,,FALSE,0.00,0.00,0.00,0.00,0.00,TRUE,FALSE,,0,New,FALSE,0,,,,,,,,,,
Image,498,,,,,,,,,,,,,,,,,,,,,,,,,,,,,,,,,,,,,,,,https://cdn11.bigcommerce.com/s-q1sponaupn/products/186/images/498/GFHRP-2_GRADIENT__75293.1745005712.386.513.jpg?c=1,,,TRUE,0,,,,
Product,187,"GHK-Cu 100mg",physical,293857,,none,0,0,75.00,0.00,0.00,0.00,38,1,44;45;46;55,"<h1>GHK-Cu</h1>
<p>Molecular Formula - C28H46CuN12O8</p>
<p>Molecular Weight - 742.3 u</p>
<p>Research Category - Skin Regeneration</p>
<p>Purity - 99.99%</p>
<p>Lab Tested - Yes</p>
<p><iframe style=""width: 500px; height: 300px;"" src=""https://embed.molview.org/v1/?mode=balls&amp;cid=9831891"" frameborder=""0""></iframe></p>
<p>GHK-Cu is a copper-binding tripeptide naturally present in human plasma, known for its wound-healing and anti-inflammatory properties. It stimulates collagen production and tissue remodeling, making it a key focus for skin regeneration and cosmetic research. Studying GHK-Cu could reveal its potential in dermatology, aging, and tissue repair applications.</p>
<p>&nbsp;</p>",,"GHK-Cu 100mg",/ghk-cu-100mg/,"GHK-Cu; buy GHK-Cu; copper peptide; research GHK-Cu","GHK-Cu; buy GHK-Cu; copper peptide; research GHK-Cu",,,,,,FALSE,0.00,0.02,0.00,0.00,0.00,TRUE,TRUE,,0,New,FALSE,0,,,,,,,,,,
Image,491,,,,,,,,,,,,,,,,,,,,,,,,,,,,,,,,,,,,,,,,https://cdn11.bigcommerce.com/s-q1sponaupn/products/187/images/491/GHK-Cu_GRADIENTnew__25470.1744769701.1280.1280__28629.1745004627.386.513.jpg?c=1,,,TRUE,0,,,,
Product,188,"IGF-1 LR3 .1mg",physical,,,none,0,0,35.00,0.00,0.00,0.00,,1,43;60,"<h1>IGF-1 LR3</h1>
<p>Molecular Formula - C13H11N5O3</p>
<p>Molecular Weight - 285.26 u</p>
<p>Research Category - Muscle Developmentm Research</p>
<p>Purity - 99.99%</p>
<p>Lab Tested - Yes</p>
<p><iframe style=""width: 500px; height: 300px;"" src=""https://embed.molview.org/v1/?mode=balls&amp;cid=137552069"" frameborder=""0""></iframe></p>
<p>IGF LR3 is a long-acting analog of IGF-1, a peptide that mediates growth hormone effects on muscle and bone development. Its enhanced stability allows detailed study of cellular growth, hypertrophy, and insulin signaling pathways. Researching IGF LR3 could accelerate progress in muscle repair, diabetes, and anabolic therapies.</p>
<p>&nbsp;</p>",,"IGF-1 LR3 .1mg",/igf-1-lr3-1mg/,"IGF LR3; buy IGF LR3; IGF LR3 peptide; research IGF LR3","IGF LR3; buy IGF LR3; IGF LR3 peptide; research IGF LR3",,,,,,FALSE,0.00,0.02,0.00,0.00,0.00,TRUE,TRUE,,0,New,FALSE,0,,,,,,,,,,
Image,492,,,,,,,,,,,,,,,,,,,,,,,,,,,,,,,,,,,,,,,,https://cdn11.bigcommerce.com/s-q1sponaupn/products/188/images/492/IGF_LR3_GRADIENT__74339.1744769632.1280.1280__75105.1745004673.386.513.jpg?c=1,,,TRUE,0,,,,
Product,189,"Ipamorelin 2mg",physical,,,none,0,0,27.00,0.00,0.00,0.00,,1,81,,,"Ipamorelin 2mg",/ipamorelin-2mg/,,,,,,,,FALSE,0.00,0.00,0.00,0.00,0.00,FALSE,FALSE,,0,New,FALSE,0,,,,,,,,,,
Image,493,,,,,,,,,,,,,,,,,,,,,,,,,,,,,,,,,,,,,,,,https://cdn11.bigcommerce.com/s-q1sponaupn/products/189/images/493/IPAMORELIN_GRADIENT__69547.1745004773.386.513.jpg?c=1,,,TRUE,0,,,,
Product,190,"Ipamorelin 5mg",physical,,,none,0,0,27.00,0.00,0.00,0.00,,1,81,,,"Ipamorelin 5mg",/ipamorelin-5mg/,,,,,,,,FALSE,0.00,0.00,0.00,0.00,0.00,FALSE,FALSE,,0,New,FALSE,0,,,,,,,,,,
Image,494,,,,,,,,,,,,,,,,,,,,,,,,,,,,,,,,,,,,,,,,https://cdn11.bigcommerce.com/s-q1sponaupn/products/190/images/494/IPAMORELIN_GRADIENT__69547.1745004773.1280.1280__80344.1745004792.386.513.jpg?c=1,,,TRUE,0,,,,
Product,191,"Ipamorelin 10mg",physical,,,none,0,0,27.00,0.00,0.00,0.00,,1,81,,,"Ipamorelin 10mg",/ipamorelin-10mg/,,,,,,,,FALSE,0.00,0.00,0.00,0.00,0.00,TRUE,FALSE,,0,New,FALSE,0,,,,,,,,,,
Image,495,,,,,,,,,,,,,,,,,,,,,,,,,,,,,,,,,,,,,,,,https://cdn11.bigcommerce.com/s-q1sponaupn/products/191/images/495/IPAMORELIN_GRADIENT__69547.1745004773.1280.1280__80344.1745004792.1280.1280__47951.1745004810.386.513.jpg?c=1,,,TRUE,0,,,,
Product,192,"CJC-1295 without DAC 2mg",physical,395726,,product,338,75,30.00,0.00,0.00,0.00,38,1,51,,,"CJC-1295 without DAC 2mg",/cjc-1295-without-dac-2mg/,,,,,,,,FALSE,0.00,0.02,0.00,0.00,0.00,TRUE,TRUE,,0,New,FALSE,0,,,,,,,,,,
Image,504,,,,,,,,,,,,,,,,,,,,,,,,,,,,,,,,,,,,,,,,https://cdn11.bigcommerce.com/s-q1sponaupn/products/192/images/504/cjc-1295_gradientnew__39469.1745374721.386.513.jpg?c=1,,,TRUE,0,,,,
Product,193,"CJC-1295 without DAC 5mg",physical,482937,,product,491,75,48.00,0.00,0.00,0.00,38,1,51,,,"CJC-1295 without DAC 5mg",/cjc-1295-without-dac-5mg/,,,,,,,,FALSE,0.00,0.02,0.00,0.00,0.00,TRUE,TRUE,,0,New,FALSE,0,,,,,,,,,,
Image,503,,,,,,,,,,,,,,,,,,,,,,,,,,,,,,,,,,,,,,,,https://cdn11.bigcommerce.com/s-q1sponaupn/products/193/images/503/cjc-1295_gradientnew__45826.1745374707.386.513.jpg?c=1,,,TRUE,0,,,,
Product,194,"CJC-1295 without DAC 10mg",physical,293846,,product,0,50,81.00,0.00,0.00,0.00,38,1,51,,,"CJC-1295 without DAC 10mg",/cjc-1295-without-dac-10mg/,,,,,,,,FALSE,0.00,0.02,0.00,0.00,0.00,FALSE,FALSE,,0,New,FALSE,0,,,,,,,,,,
Image,502,,,,,,,,,,,,,,,,,,,,,,,,,,,,,,,,,,,,,,,,https://cdn11.bigcommerce.com/s-q1sponaupn/products/194/images/502/cjc-1295_gradientnew__75747.1745374690.386.513.jpg?c=1,,,TRUE,0,,,,
Product,195,"BPC 157 5mg",physical,758294,,product,318,75,36.00,0.00,0.00,0.00,38,1,44;45;50,"<h1>BPC-157</h1>
<p>Molecular Formula - C<span class=""font6""><sub>62</sub></span><span class=""font5"">H</span><span class=""font6""><sub>98</sub></span><span class=""font5"">N</span><span class=""font6""><sub>16</sub></span><span class=""font5"">O</span><span class=""font6""><sub>22</sub></span></p>
<p>Molecular Weight: 1419.5 u</p>
<p>Research Category - Tissue Repair</p>
<p>Purity - 99.99%</p>
<p>Lab Tested - Yes</p>
<p><iframe style=""width: 500px; height: 300px;"" src=""https://embed.molview.org/v1/?mode=balls&amp;cid=9941957"" frameborder=""0""></iframe></p>
<p>BPC 157 is a stable pentadecapeptide derived from a gastric protein, known for its regenerative effects on tissues like muscle, tendon, and gut. It promotes angiogenesis and modulates healing processes, offering researchers a versatile compound to explore tissue repair and inflammation control. Studying BPC 157 could advance knowledge in wound healing, gastrointestinal health, and musculoskeletal recovery.</p>
<p>&nbsp;</p>
<h5><a href=""%%GLOBAL_ShopPathSSL%%/store/adipotide10mg/""><span style=""color: #0000ff;"">Click here for extensive information</span></a></h5>",,,/bpc-157-5mg/,"""High-purity BPC-157 for tissue repair research. Fast shipping available.""","BPC-157, buy BPC-157, BPC-157 peptide, research BPC-157",,,,,,FALSE,25.00,0.02,0.00,0.00,0.00,TRUE,TRUE,,0,New,FALSE,0,,,,,,,,,,
Image,496,,,,,,,,,,,,,,,,,,,,,,,,,,,,,,,,,,,,,,,,https://cdn11.bigcommerce.com/s-q1sponaupn/products/195/images/496/bpc-157_gradient__92823.1744769773.1280.1280__23508.1745005112.386.513.jpg?c=1,,,TRUE,0,,,,
Product,196,"BPC 157 10mg",physical,429386,,product,0,50,60.00,0.00,0.00,0.00,38,1,44;45;50,"<h1>BPC-157</h1>
<p>Molecular Formula - C<span class=""font6""><sub>62</sub></span><span class=""font5"">H</span><span class=""font6""><sub>98</sub></span><span class=""font5"">N</span><span class=""font6""><sub>16</sub></span><span class=""font5"">O</span><span class=""font6""><sub>22</sub></span></p>
<p>Molecular Weight: 1419.5 u</p>
<p>Research Category - Tissue Repair</p>
<p>Purity - 99.99%</p>
<p>Lab Tested - Yes</p>
<p><iframe style=""width: 500px; height: 300px;"" src=""https://embed.molview.org/v1/?mode=balls&amp;cid=9941957"" frameborder=""0""></iframe></p>
<p>BPC 157 is a stable pentadecapeptide derived from a gastric protein, known for its regenerative effects on tissues like muscle, tendon, and gut. It promotes angiogenesis and modulates healing processes, offering researchers a versatile compound to explore tissue repair and inflammation control. Studying BPC 157 could advance knowledge in wound healing, gastrointestinal health, and musculoskeletal recovery.</p>
<p>&nbsp;</p>
<h5><a href=""%%GLOBAL_ShopPathSSL%%/store/adipotide10mg/""><span style=""color: #0000ff;"">Click here for extensive information</span></a></h5>",,,/bpc-157-10mg/,"""High-purity BPC-157 for tissue repair research. Fast shipping available.""","BPC-157, buy BPC-157, BPC-157 peptide, research BPC-157",,,,,,FALSE,0.00,0.02,0.00,0.00,0.00,FALSE,FALSE,,0,New,FALSE,0,,,,,,,,,,
Image,497,,,,,,,,,,,,,,,,,,,,,,,,,,,,,,,,,,,,,,,,https://cdn11.bigcommerce.com/s-q1sponaupn/products/196/images/497/bpc-157_gradient__92823.1744769773.1280.1280__23508.1745005112.1280.1280__78946.1745005124.386.513.jpg?c=1,,,TRUE,0,,,,
Product,197,"CJC-1295 WITH DAC 2mg",physical,288977,,product,521,75,36.00,0.00,0.00,0.00,38,1,51,,,"CJC-1295 without DAC 2mg",/cjc-1295-with-dac-2mg/,,,,,,,,FALSE,0.00,0.02,0.00,0.00,0.00,TRUE,TRUE,,0,New,FALSE,0,,,,,,,,,,
Image,514,,,,,,,,,,,,,,,,,,,,,,,,,,,,,,,,,,,,,,,,https://cdn11.bigcommerce.com/s-q1sponaupn/products/197/images/514/cjc-1295_gradientnew__39469.1745374721.1280.1280__80852.1745465106.386.513.jpg?c=1,,,TRUE,0,,,,
Product,198,"Cagrilintide 10mg",physical,797228,,product,265,75,150.00,0.00,0.00,0.00,38,1,42;52,"<h1>Cagrilintide</h1>
<p>Molecular Formula - C194H312N54O59S2</p>
<p>Molecular Weight - 4409 u</p>
<p>Research Category - Appetite Regulation</p>
<p>Purity - 99.99%</p>
<p>Lab Tested - Yes</p>
<p><iframe style=""width: 500px; height: 300px;"" src=""https://embed.molview.org/v1/?mode=balls&amp;cid=171397054"" frameborder=""0""></iframe></p>
<p>Cagrilintide is a synthetic amylin analog that acts on amylin receptors to regulate appetite and glucose homeostasis. Its dual metabolic effects make it an exciting candidate for studying weight management and diabetes-related pathways. Exploring Cagrilintide could lead to innovative strategies for obesity and metabolic syndrome research.</p>
<p>&nbsp;</p>
<p>&nbsp;</p>",,"Cagrilintide 10mg",/cagrilintide-10mg/,"Cagrilintide, buy Cagrilintide, Cagrliintide peptide, research Cagrilintide","Cagrilintide, buy Cagrilintide, Cagrliintide peptide, research Cagrilintide",,,,,,FALSE,0.00,0.02,0.00,0.00,0.00,TRUE,TRUE,,0,New,FALSE,0,,,,,,,,,,
Image,515,,,,,,,,,,,,,,,,,,,,,,,,,,,,,,,,,,,,,,,,https://cdn11.bigcommerce.com/s-q1sponaupn/products/198/images/515/cagrilintide_gradient__15238.1744769759.1280.1280__48410.1745466007.386.513.jpg?c=1,,,TRUE,0,,,,
Product,199,"PT-141 10mg",physical,482801,,none,0,0,104.00,0.00,0.00,0.00,38,1,67,"<p>Molecular Formula - C<span class=""font6""><sub>50</sub></span><span class=""font5"">H</span><span class=""font6""><sub>68</sub></span><span class=""font5"">N</span><span class=""font6""><sub>14</sub></span><span class=""font5"">O</span><span class=""font6""><sub>10</sub></span></p>
<p>Molecular Weight - 1025.2 u</p>
<p>Research Category - Sexual Health Research</p>
<p>Purity - 99.99%</p>
<p>Lab Tested - Yes</p>
<p><iframe style=""width: 500px; height: 300px;"" src=""https://embed.molview.org/v1/?mode=balls&amp;cid=9941379"" frameborder=""0""></iframe></p>
<p>PT-141 is a melanocortin receptor agonist that enhances sexual arousal and libido by acting on the central nervous system. It offers a unique avenue to study sexual dysfunction and neurological reward pathways. Researching PT-141 could lead to novel treatments for libido disorders and behavioral health.</p>",,"PT-141 10mg",/pt-141-10mg/,,,,,,,,FALSE,0.00,0.02,0.00,0.00,0.00,TRUE,TRUE,,0,New,FALSE,0,,,,,,,,,,
Image,516,,,,,,,,,,,,,,,,,,,,,,,,,,,,,,,,,,,,,,,,https://cdn11.bigcommerce.com/s-q1sponaupn/products/199/images/516/PT-141_GRADIENT__97313.1744770014.1280.1280__53089.1745649659.386.513.jpg?c=1,,,TRUE,0,,,,
